ID,NAME,DOB,DOJ,PHONE,EMAIL,SALARY,GENDER,AGE,COMPANY_AGE,WEIGHT
850297,SHAWNA BUCK,12/12/1971,12/18/2010,702-771-7149,SHAWNA.BUCK@GMAIL.COM,119090,0,48,9,44
304721,NATHANIEL BURKE,10/31/1993,04/25/2017,231-765-6923,NATHANIEL.BURKE@WALMART.COM,117991,1,26,2,52
412317,ELISABETH FOSTER,11/26/1994,03/27/2017,270-749-4774,ELISABETH.FOSTER@GMAIL.COM,161045,0,25,2,42
621375,BRIANA LANCASTER,11/24/1975,02/25/2003,219-623-8216,BRIANA.LANCASTER@YAHOO.COM,142616,0,44,16,43
787549,ESTELLA POTTER,03/13/1995,10/11/2016,907-677-8486,ESTELLA.POTTER@GMAIL.COM,135706,0,24,3,58
520092,LAMONT WOODS,10/13/1991,11/27/2014,236-597-8196,LAMONT.WOODS@HOTMAIL.COM,173027,1,28,5,59
795934,MELINDA LOPEZ,09/15/1984,11/22/2005,210-396-1493,MELINDA.LOPEZ@HOTMAIL.COM,41287,0,35,14,55
159108,SHANNA SILVA,06/19/1958,10/23/1999,236-373-6712,SHANNA.SILVA@GMAIL.COM,85833,0,61,20,48
330816,JASMINE FREEMAN,08/31/1961,02/01/1983,423-796-1535,JASMINE.FREEMAN@GMAIL.COM,154216,0,58,36,55
532002,MADGE SARGENT,10/02/1981,04/13/2006,217-910-0644,MADGE.SARGENT@AOL.COM,133003,0,38,13,58
612850,BETHANY CLINE,10/01/1986,04/19/2008,215-970-5881,BETHANY.CLINE@YAHOO.CA,154836,0,33,11,48
483751,REID RANDOLPH,01/20/1989,04/08/2017,209-996-8902,REID.RANDOLPH@GMAIL.COM,124757,1,30,2,78
252938,ANTOINE WILEY,02/22/1996,04/18/2017,503-361-6334,ANTOINE.WILEY@VERIZON.NET,58733,1,23,2,61
966375,MATHEW HODGE,07/05/1995,11/11/2016,209-294-7430,MATHEW.HODGE@HOTMAIL.COM,75584,1,24,3,89
707520,BERNARDO AUSTIN,02/02/1975,01/26/2005,319-716-4227,BERNARDO.AUSTIN@HOTMAIL.COM,118693,1,44,14,64
673049,COLE JENSEN,02/10/1990,05/30/2011,405-495-4201,COLE.JENSEN@AOL.COM,98381,1,29,8,74
265124,TONIA BURNS,04/19/1985,09/12/2014,209-631-5424,TONIA.BURNS@GMAIL.COM,102274,0,34,5,50
300693,TOD HOLCOMB,06/21/1987,06/05/2015,240-364-4220,TOD.HOLCOMB@OUTLOOK.COM,91719,1,32,4,76
369712,YESENIA GUERRERO,03/29/1968,03/03/1994,240-505-5321,YESENIA.GUERRERO@BTINTERNET.COM,150016,0,51,25,41
913253,CAREY FERRELL,05/22/1972,10/30/2004,212-495-4523,CAREY.FERRELL@YAHOO.COM,125232,1,47,15,87
308617,AILEEN BLANCHARD,12/05/1986,07/18/2009,308-788-3843,AILEEN.BLANCHARD@GMAIL.COM,179264,0,33,10,49
766783,MARTA CERVANTES,02/17/1971,09/17/2016,206-858-9176,MARTA.CERVANTES@GMAIL.COM,68134,0,48,3,48
959506,ARTHUR HOLLOWAY,09/21/1970,01/27/2004,225-832-0451,ARTHUR.HOLLOWAY@AOL.COM,118621,1,49,15,65
513011,TARA FORBES,06/26/1976,09/24/2009,319-249-4281,TARA.FORBES@GMAIL.COM,85864,0,43,10,55
290808,JOSEF GRIFFIN,08/14/1976,02/25/1998,209-441-9130,JOSEF.GRIFFIN@YAHOO.COM,98030,1,43,21,73
253588,KERI SLATER,08/03/1960,08/09/1994,207-842-2965,KERI.SLATER@APPLE.COM,149842,0,59,25,58
865628,DESMOND WYNN,07/09/1992,10/01/2013,209-319-3405,DESMOND.WYNN@HOTMAIL.COM,79476,1,27,6,58
583924,ADRIENNE PUCKETT,05/22/1975,02/22/1997,209-235-0390,ADRIENNE.PUCKETT@VERIZON.NET,105366,0,44,22,47
932453,BEATRIZ KNOWLES,02/25/1984,09/16/2011,406-923-1326,BEATRIZ.KNOWLES@GMAIL.COM,53311,0,35,8,49
432168,JERMAINE SYKES,01/18/1990,05/24/2016,239-204-8747,JERMAINE.SYKES@APPLE.COM,122631,1,29,3,51
463784,SCOTT BEST,08/24/1990,12/22/2015,307-504-4165,SCOTT.BEST@COX.NET,45210,1,29,4,84
721098,ISABEL ESPINOZA,12/09/1971,10/14/1993,405-622-8606,ISABEL.ESPINOZA@GMAIL.COM,115858,0,48,26,47
392678,MARCELINO KINNEY,01/26/1996,02/28/2017,479-929-0873,MARCELINO.KINNEY@GMAIL.COM,178750,1,23,2,89
880704,BENJAMIN JENNINGS,05/21/1977,06/10/2001,907-621-7774,BENJAMIN.JENNINGS@GMAIL.COM,115574,1,42,18,53
186102,MARCIA CASEY,07/24/1966,11/08/2013,210-804-3397,MARCIA.CASEY@GMAIL.COM,118607,0,53,6,56
350367,RUDOLPH GORDON,04/28/1979,11/12/2001,304-418-1131,RUDOLPH.GORDON@AOL.COM,98990,1,40,18,73
893976,BEVERLY ROSALES,03/04/1975,04/24/2005,217-490-8205,BEVERLY.ROSALES@YAHOO.COM,139394,0,44,14,45
542826,MARCUS BOLTON,07/05/1977,01/09/2011,212-514-2721,MARCUS.BOLTON@AOL.COM,63525,1,42,9,68
590579,PRISCILLA MAYS,09/04/1985,02/26/2017,231-346-3176,PRISCILLA.MAYS@GMAIL.COM,185105,0,34,2,57
297741,LYNN PENA,08/14/1962,11/08/1996,217-334-0502,LYNN.PENA@YAHOO.CO.IN,48443,0,57,23,40
458320,TESSA PACE,12/07/1957,12/29/2012,319-672-2590,TESSA.PACE@AOL.COM,44198,0,62,7,55
297059,RUFUS GUERRA,12/25/1967,05/01/2004,212-472-1331,RUFUS.GUERRA@REDIFFMAIL.COM,169620,1,52,15,83
874971,ROMAN CLARK,12/25/1962,01/08/1985,215-567-2136,ROMAN.CLARK@AOL.COM,125299,1,57,35,86
136626,CARMELA JEFFERSON,03/17/1975,02/27/2003,239-941-5976,CARMELA.JEFFERSON@WALMART.COM,132431,0,44,16,41
865495,THURMAN GOOD,01/27/1996,02/06/2017,217-874-3909,THURMAN.GOOD@YAHOO.COM,118525,1,23,2,90
415161,LEMUEL GUERRERO,06/07/1985,10/15/2011,215-226-4111,LEMUEL.GUERRERO@AOL.COM,127772,1,34,8,56
279563,CLINT BRIDGES,05/03/1994,10/14/2015,217-331-1409,CLINT.BRIDGES@AOL.COM,67442,1,25,4,61
201710,KARYN CHRISTIAN,05/22/1983,06/18/2017,206-731-9312,KARYN.CHRISTIAN@AOL.COM,96197,0,36,2,44
722543,LESA HUGHES,02/13/1981,01/03/2016,219-822-4544,LESA.HUGHES@BP.COM,96641,0,38,4,59
909337,RICH BATES,02/28/1989,01/22/2011,270-833-4069,RICH.BATES@APPLE.COM,145181,1,30,8,75
601071,LIZ FRANK,03/15/1986,02/14/2009,339-926-4628,LIZ.FRANK@HOTMAIL.COM,199943,0,33,10,50
269523,KENDRA VILLARREAL,10/22/1963,03/30/2007,319-625-4770,KENDRA.VILLARREAL@GMAIL.COM,144517,0,56,12,47
310986,MARYELLEN MCFADDEN,10/03/1975,04/14/2017,479-467-9379,MARYELLEN.MCFADDEN@HOTMAIL.CO.UK,94221,0,44,2,53
323914,GERMAN CARNEY,07/21/1958,05/14/2000,231-975-6713,GERMAN.CARNEY@AOL.COM,84824,1,61,19,77
928739,MICHEAL SHANNON,12/08/1986,02/27/2015,217-864-7925,MICHEAL.SHANNON@EARTHLINK.NET,143864,1,33,4,62
238992,CARLO ALBERT,12/06/1961,12/26/1996,212-267-9103,CARLO.ALBERT@GMAIL.COM,104197,1,58,23,70
434046,BIANCA LANGLEY,06/03/1960,04/14/1994,228-683-5798,BIANCA.LANGLEY@GMAIL.COM,80844,0,59,25,50
971444,ELIAS CABRERA,07/13/1990,05/02/2016,215-258-0052,ELIAS.CABRERA@YAHOO.COM,87962,1,29,3,50
602683,ALBERTA CHAPMAN,06/05/1972,06/29/1999,212-884-9934,ALBERTA.CHAPMAN@COMCAST.NET,125428,0,47,20,54
145327,ERIN OLSEN,08/08/1994,04/19/2016,215-325-1574,ERIN.OLSEN@YAHOO.CA,66575,1,25,3,50
597202,FREDERIC STEPHENSON,10/15/1969,04/23/2013,314-672-3681,FREDERIC.STEPHENSON@GMAIL.COM,192498,1,50,6,58
168824,TANNER CALDWELL,04/08/1968,06/06/1999,219-315-4592,TANNER.CALDWELL@AOL.COM,116635,1,51,20,72
616665,CLARENCE POWERS,07/05/1982,04/11/2005,229-748-1788,CLARENCE.POWERS@GMAIL.COM,108511,1,37,14,86
396135,GERMAN SHEPPARD,07/29/1991,10/24/2014,252-794-3936,GERMAN.SHEPPARD@GMAIL.COM,110021,1,28,5,66
966525,DION DUFFY,04/06/1995,01/16/2017,201-358-5413,DION.DUFFY@AOL.COM,124074,1,24,2,73
362287,CORNELIUS TOWNSEND,06/02/1970,04/26/2009,314-501-3342,CORNELIUS.TOWNSEND@CHARTER.NET,176165,1,49,10,70
798646,PATSY KOCH,07/15/1984,03/09/2010,229-844-7119,PATSY.KOCH@GMAIL.COM,87146,0,35,9,49
451972,WALDO SHIELDS,11/29/1970,02/22/2012,270-993-0450,WALDO.SHIELDS@AOL.COM,62435,1,49,7,71
993675,DAMIEN ROSE,07/15/1965,12/17/2005,304-392-5876,DAMIEN.ROSE@GMAIL.COM,161871,1,54,14,80
807964,CURT BRIDGES,10/22/1978,09/17/2011,239-399-1809,CURT.BRIDGES@MICROSOFT.COM,97656,1,41,8,62
769123,BRENTON MATTHEWS,11/06/1970,12/27/1994,216-585-2060,BRENTON.MATTHEWS@BELLSOUTH.NET,98023,1,49,25,53
395792,MIGUEL FINLEY,07/06/1980,07/12/2004,405-566-7872,MIGUEL.FINLEY@GMAIL.COM,103749,1,39,15,67
929791,ESPERANZA PAUL,12/10/1960,03/14/1990,236-750-2453,ESPERANZA.PAUL@AOL.COM,176095,0,59,29,42
141326,PATRICIA BRIGGS,11/13/1975,05/05/2000,240-914-8001,PATRICIA.BRIGGS@YAHOO.COM,160494,0,44,19,53
232794,FORREST NOEL,03/25/1978,04/05/1999,239-609-5243,FORREST.NOEL@HOTMAIL.COM,112988,1,41,20,84
946835,MARJORIE WELLS,09/14/1961,12/02/2005,316-282-5461,MARJORIE.WELLS@BP.COM,128425,0,58,14,49
894936,VIVIAN BURNETT,02/09/1960,09/06/2001,236-831-5026,VIVIAN.BURNETT@GMAIL.COM,93355,0,59,18,46
946630,DUNCAN CHEN,02/17/1964,11/02/2000,239-879-2427,DUNCAN.CHEN@YAHOO.CO.UK,154843,1,55,19,69
381338,MIRIAM BARRETT,06/25/1990,03/08/2016,210-779-7802,MIRIAM.BARRETT@YAHOO.CA,131543,0,29,3,59
141178,ADAM KIRBY,08/11/1963,08/03/2015,208-736-4975,ADAM.KIRBY@YAHOO.CA,107957,1,56,4,55
169763,BENJAMIN MACDONALD,05/16/1976,04/20/1999,316-561-5979,BENJAMIN.MACDONALD@GMAIL.COM,89172,1,43,20,57
326358,NEIL MURRAY,09/17/1985,03/24/2016,603-851-8092,NEIL.MURRAY@APPLE.COM,84151,1,34,3,90
185077,NICHOLE ONEIL,11/30/1957,03/24/2008,209-683-3370,NICHOLE.ONEIL@SHAW.CA,153345,0,62,11,58
901185,JONATHON PEARSON,09/30/1967,08/17/2015,240-746-0671,JONATHON.PEARSON@YAHOO.COM,173372,1,52,4,62
264960,BRENT BRYANT,05/09/1960,12/30/1985,423-391-0195,BRENT.BRYANT@AOL.COM,180468,1,59,34,86
248449,CARLENE CAIN,11/25/1985,06/25/2007,210-510-0508,CARLENE.CAIN@REDIFFMAIL.COM,107647,0,34,12,52
906870,ARNULFO PITTMAN,09/26/1972,05/11/2002,215-333-8078,ARNULFO.PITTMAN@YAHOO.CA,190709,1,47,17,68
160503,NICKOLAS WILLIAMS,06/23/1985,06/15/2009,307-656-9306,NICKOLAS.WILLIAMS@GMAIL.COM,97725,1,34,10,51
212917,RAYMUNDO KRAMER,04/29/1975,07/01/2002,252-396-5055,RAYMUNDO.KRAMER@AOL.COM,178073,1,44,17,82
337955,JEREMIAH DOTSON,07/16/1988,01/21/2015,216-364-7679,JEREMIAH.DOTSON@COX.NET,42840,1,31,4,51
171553,TANNER MATTHEWS,09/24/1976,12/07/2008,907-768-0562,TANNER.MATTHEWS@REDIFFMAIL.COM,161106,1,43,11,75
433510,DORIAN FOSTER,07/24/1960,08/15/2009,304-937-0141,DORIAN.FOSTER@GMAIL.COM,98604,1,59,10,76
970502,NORA HANSEN,11/13/1982,06/01/2004,319-877-0443,NORA.HANSEN@YAHOO.CO.UK,159223,0,37,15,51
668717,DANIAL WATTS,08/15/1959,06/09/2013,206-245-0115,DANIAL.WATTS@HOTMAIL.COM,188022,1,60,6,58
479832,NELSON MCINTOSH,08/17/1975,07/15/2005,239-650-1951,NELSON.MCINTOSH@BP.COM,139662,1,44,14,76
273645,MANUEL FULTON,07/16/1983,06/29/2017,339-281-4930,MANUEL.FULTON@GMAIL.COM,80629,1,36,2,78
266284,DOMINIC HENSON,04/08/1979,02/06/2003,314-758-8742,DOMINIC.HENSON@AOL.COM,180062,1,40,16,90
332802,LOWELL ERICKSON,09/02/1982,10/23/2013,308-308-0823,LOWELL.ERICKSON@GMAIL.COM,104764,1,37,6,62
166615,JAYNE COLEMAN,08/18/1980,11/27/2010,236-667-5880,JAYNE.COLEMAN@YAHOO.CA,171662,0,39,9,41
953967,CORNELL DANIEL,05/27/1960,10/31/2004,212-208-7933,CORNELL.DANIEL@YAHOO.COM,197951,1,59,15,90
114425,DORIS GLENN,01/14/1976,09/02/2002,270-590-4835,DORIS.GLENN@YAHOO.CO.UK,188137,0,44,17,46
676618,TABATHA GONZALES,06/09/1966,08/07/2009,215-935-5310,TABATHA.GONZALES@SBCGLOBAL.NET,160421,0,53,10,57
581563,JEROME FOREMAN,12/11/1988,08/28/2015,203-633-8482,JEROME.FOREMAN@VERIZON.NET,125044,1,31,4,74
925484,ELTON FERGUSON,11/30/1982,05/09/2006,217-662-5907,ELTON.FERGUSON@IBM.COM,176750,1,37,13,74
328562,STACY JENNINGS,06/06/1980,06/28/2006,225-548-6104,STACY.JENNINGS@GMAIL.COM,134904,1,39,13,83
759248,RORY FOWLER,03/06/1976,12/22/2004,215-234-1586,RORY.FOWLER@SHAW.CA,70626,1,43,15,65
158543,GREG KANE,04/13/1964,05/21/1992,270-884-8389,GREG.KANE@BP.COM,62904,1,55,27,60
275491,JULIAN RUSSO,04/15/1958,01/27/1988,207-313-8110,JULIAN.RUSSO@GMAIL.COM,117739,1,61,31,85
257927,AGNES HERMAN,12/12/1975,01/04/1998,303-834-2433,AGNES.HERMAN@GMAIL.COM,128225,0,44,22,43
144114,NANCY GILLESPIE,04/26/1980,02/03/2011,217-435-0157,NANCY.GILLESPIE@IBM.COM,41796,0,39,8,60
262843,TYRONE SOTO,04/07/1973,10/26/2002,215-785-6734,TYRONE.SOTO@YAHOO.COM,175995,1,46,17,61
963676,BRADLEY CHAN,06/30/1979,12/02/2002,503-254-6301,BRADLEY.CHAN@HOTMAIL.COM,58663,1,40,17,62
745672,EMILE LOVE,10/19/1980,01/23/2011,236-371-6203,EMILE.LOVE@GMAIL.COM,144867,1,39,8,60
135089,ZACHARY GREGORY,11/14/1986,07/14/2010,907-896-4031,ZACHARY.GREGORY@COX.NET,193629,1,33,9,80
593953,TARA GUTIERREZ,01/29/1971,08/17/1995,239-922-7150,TARA.GUTIERREZ@AOL.COM,115223,0,48,24,44
169348,AUBREY PUGH,12/13/1993,03/01/2016,239-405-4736,AUBREY.PUGH@GMAIL.COM,56797,1,26,3,82
976096,CARROLL SWEENEY,06/13/1989,06/22/2016,218-412-2298,CARROLL.SWEENEY@WALMART.COM,103003,1,30,3,58
790389,CLAUDETTE SOLOMON,12/20/1984,07/24/2014,308-298-8715,CLAUDETTE.SOLOMON@YAHOO.COM,181603,0,35,5,43
143898,RICKY BOWERS,11/05/1976,12/28/2008,205-610-5770,RICKY.BOWERS@HOTMAIL.COM,124155,1,43,11,82
749765,BRIAN FITZPATRICK,11/30/1978,11/09/2007,239-710-0174,BRIAN.FITZPATRICK@GMAIL.COM,151448,1,41,12,64
877422,NICHOLAS BRANCH,02/04/1992,06/13/2013,209-630-8100,NICHOLAS.BRANCH@GMAIL.COM,134715,1,27,6,66
825343,EILEEN HOBBS,05/10/1964,08/01/1994,262-747-2220,EILEEN.HOBBS@GMAIL.COM,139476,0,55,25,59
155570,COLIN WILSON,03/14/1976,04/15/2002,210-884-1227,COLIN.WILSON@YAHOO.COM,131510,1,43,17,90
587361,ROSARIO TREVINO,12/20/1960,06/30/2001,239-837-1872,ROSARIO.TREVINO@HOTMAIL.CO.UK,46453,0,59,18,46
191240,SALVADOR GUTIERREZ,02/27/1994,01/24/2016,270-927-3494,SALVADOR.GUTIERREZ@HOTMAIL.COM,98487,1,25,3,68
404070,ALDO MEDINA,11/06/1973,10/04/2009,701-676-5051,ALDO.MEDINA@GMAIL.COM,61791,1,46,10,50
192175,BRET BLEVINS,09/30/1979,07/11/2015,231-210-4653,BRET.BLEVINS@GMAIL.COM,163665,1,40,4,54
825853,DOMINIC MOSLEY,07/19/1996,07/27/2017,206-882-1588,DOMINIC.MOSLEY@GMAIL.COM,112683,1,23,2,60
430843,KARINA OWENS,10/30/1957,06/30/1984,605-328-0861,KARINA.OWENS@GMAIL.COM,91713,0,62,35,45
597805,MARQUIS PERKINS,11/30/1984,04/07/2012,212-941-0218,MARQUIS.PERKINS@AOL.COM,186371,1,35,7,71
651120,DAMON SOLOMON,07/31/1964,05/10/2008,218-273-9680,DAMON.SOLOMON@AOL.COM,157154,1,55,11,75
995242,LEONEL ATKINS,07/11/1996,07/27/2017,304-862-3580,LEONEL.ATKINS@HOTMAIL.COM,190537,1,23,2,89
839558,TEDDY MERRITT,06/10/1977,05/15/2010,215-283-5083,TEDDY.MERRITT@MSN.COM,43192,1,42,9,87
398788,ALEXANDRIA LONG,02/15/1989,11/16/2010,217-924-3225,ALEXANDRIA.LONG@HOTMAIL.COM,136817,0,30,9,60
166790,MARGARET REILLY,10/05/1971,01/08/1995,239-788-2444,MARGARET.REILLY@YAHOO.COM,131166,0,48,25,45
581261,WILLIS ROSE,07/27/1979,12/25/2010,236-423-4606,WILLIS.ROSE@GMAIL.COM,192446,1,40,9,72
793523,DONOVAN BOWMAN,03/03/1987,09/16/2011,207-867-3545,DONOVAN.BOWMAN@HOTMAIL.COM,145629,1,32,8,84
178602,KRISTINA MCGOWAN,08/29/1978,05/11/2007,209-530-2084,KRISTINA.MCGOWAN@GMAIL.COM,185016,0,41,12,60
346662,GARTH CLARKE,11/11/1969,11/07/2015,270-393-1575,GARTH.CLARKE@YAHOO.COM,80047,1,50,4,54
817037,MARTIN BUCHANAN,09/14/1974,07/14/2001,205-434-3924,MARTIN.BUCHANAN@CHARTER.NET,105374,1,45,18,61
648913,IRWIN JENKINS,05/20/1975,05/23/2013,231-682-6128,IRWIN.JENKINS@AOL.COM,48133,1,44,6,75
924281,REYNALDO SOSA,10/15/1965,05/03/1989,212-493-7300,REYNALDO.SOSA@GMAIL.COM,153633,1,54,30,73
951857,SHERRI SNYDER,05/30/1991,08/21/2013,314-249-8205,SHERRI.SNYDER@GMAIL.COM,65798,0,28,6,47
474759,JOHNNY DUNLAP,11/02/1962,07/15/2012,229-688-3291,JOHNNY.DUNLAP@GMAIL.COM,193315,1,57,7,81
144715,EARNEST KIRK,03/01/1965,09/21/2005,207-952-5215,EARNEST.KIRK@GMAIL.COM,168726,1,54,14,57
141086,BERNARDO MCDOWELL,05/28/1963,04/24/2003,239-768-1883,BERNARDO.MCDOWELL@GMAIL.COM,118615,1,56,16,86
633255,YVETTE WARNER,06/17/1996,07/09/2017,215-245-5970,YVETTE.WARNER@YAHOO.COM,190579,0,23,2,50
768457,ROBBY JORDAN,03/20/1974,03/12/2007,206-604-6965,ROBBY.JORDAN@COMCAST.NET,119793,1,45,12,82
583282,CAROLINA COLEMAN,10/30/1994,07/01/2016,239-928-5690,CAROLINA.COLEMAN@AOL.COM,166828,0,25,3,53
421955,SONIA COOK,07/03/1965,12/25/2012,236-937-1339,SONIA.COOK@GMAIL.COM,191691,0,54,7,48
556491,LARRY TRAN,01/12/1970,03/15/2007,304-994-1002,LARRY.TRAN@GMAIL.COM,129203,1,50,12,63
701223,ESMERALDA GRANT,12/19/1990,01/24/2013,262-728-1705,ESMERALDA.GRANT@YAHOO.COM,190367,0,29,6,48
122005,CANDY SINGLETON,06/29/1981,04/11/2017,205-585-4936,CANDY.SINGLETON@HOTMAIL.COM,175771,0,38,2,47
461385,EMMA OBRIEN,09/15/1966,12/02/2012,262-707-3676,EMMA.OBRIEN@GMAIL.COM,182870,0,53,7,56
249180,SCOT BEACH,07/31/1980,06/29/2010,319-334-1932,SCOT.BEACH@SBCGLOBAL.NET,141641,1,39,9,84
634658,ROLLAND MENDOZA,08/05/1966,01/26/2015,228-727-6767,ROLLAND.MENDOZA@YAHOO.COM,75123,1,53,4,50
842752,TOMMIE SANCHEZ,06/06/1974,09/25/1997,205-823-2834,TOMMIE.SANCHEZ@GMAIL.COM,155291,0,45,22,60
513773,JESSIE CORTEZ,09/20/1981,04/16/2016,239-810-9402,JESSIE.CORTEZ@EXXONMOBIL.COM,102944,1,38,3,88
781472,ISIAH GUTHRIE,08/19/1965,05/06/2009,385-228-9893,ISIAH.GUTHRIE@BELLSOUTH.NET,45519,1,54,10,61
747200,JANELLE GILL,05/27/1962,07/13/1999,236-897-3910,JANELLE.GILL@GMAIL.COM,131182,0,57,20,41
932425,CHRISTOPER HAYNES,09/01/1979,02/24/2014,210-869-1768,CHRISTOPER.HAYNES@YAHOO.COM,84029,1,40,5,63
962851,KATHIE KIRBY,11/22/1986,07/30/2011,505-502-1526,KATHIE.KIRBY@SBCGLOBAL.NET,65985,0,33,8,42
168829,ANTONIA KINNEY,02/09/1985,05/26/2006,239-363-8520,ANTONIA.KINNEY@GMAIL.COM,148623,0,34,13,42
603575,OPHELIA WAGNER,02/02/1972,11/25/2013,480-956-7391,OPHELIA.WAGNER@IBM.COM,45192,0,47,6,49
419075,HALLIE CERVANTES,06/30/1979,04/03/2016,270-272-6620,HALLIE.CERVANTES@AOL.COM,192037,0,40,3,53
224473,ADRIANA MCFARLAND,08/29/1978,01/10/2000,308-264-5555,ADRIANA.MCFARLAND@OUTLOOK.COM,71847,0,41,20,55
552582,JANA WEISS,01/04/1968,06/03/2000,229-852-3944,JANA.WEISS@GMAIL.COM,141390,0,52,19,43
724235,QUENTIN BENSON,03/21/1980,04/17/2013,262-949-3970,QUENTIN.BENSON@GMAIL.COM,75837,1,39,6,60
908007,DEBRA PENA,11/25/1990,09/17/2015,215-707-4774,DEBRA.PENA@IBM.COM,113267,0,29,4,44
871610,KENTON MORENO,01/19/1993,01/08/2016,217-404-9496,KENTON.MORENO@SHELL.COM,148664,1,26,4,70
491595,IAN ALVARADO,09/25/1965,12/27/1998,205-934-4799,IAN.ALVARADO@AOL.COM,109416,1,54,21,67
821474,JASPER LUCAS,09/18/1981,02/12/2003,316-544-2902,JASPER.LUCAS@YAHOO.CO.IN,96328,1,38,16,79
206783,BROCK ROBERTS,02/27/1968,01/08/1991,304-276-6112,BROCK.ROBERTS@YAHOO.CO.IN,158082,1,51,29,77
870463,SALVADOR DELEON,04/07/1969,02/21/1995,217-253-3858,SALVADOR.DELEON@HOTMAIL.COM,55351,1,50,24,63
809491,TERENCE GILES,09/15/1976,06/12/2010,205-271-2216,TERENCE.GILES@YAHOO.COM,145954,1,43,9,54
924427,DARIO TOWNSEND,05/10/1962,01/27/1994,209-535-5945,DARIO.TOWNSEND@YAHOO.COM,116911,1,57,25,69
505780,ESTER HOUSTON,03/12/1978,07/01/2007,215-803-3018,ESTER.HOUSTON@IBM.COM,65748,0,41,12,59
149904,LEANNE MCMAHON,01/11/1964,05/08/1985,207-567-1649,LEANNE.MCMAHON@SHAW.CA,144108,0,56,34,49
886315,VALENTIN MONTOYA,11/07/1965,01/05/1997,423-851-9829,VALENTIN.MONTOYA@AOL.COM,164411,1,54,23,81
948512,JARED SHEPHERD,03/26/1996,05/10/2017,212-443-7359,JARED.SHEPHERD@NTLWORLD.COM,47359,1,23,2,62
780963,JAMI CANTRELL,03/30/1986,04/20/2007,217-840-0373,JAMI.CANTRELL@HOTMAIL.COM,196942,0,33,12,42
282037,BRUNO WHITNEY,03/21/1976,04/04/2010,205-929-8374,BRUNO.WHITNEY@SBCGLOBAL.NET,182912,1,43,9,60
505758,GARLAND WATKINS,01/14/1962,09/26/2008,210-488-3772,GARLAND.WATKINS@APPLE.COM,70852,1,58,11,53
487100,AUGUSTUS MALDONADO,05/25/1992,08/01/2016,231-510-3900,AUGUSTUS.MALDONADO@YAHOO.COM,139481,1,27,3,61
974444,LUTHER MCNEIL,03/31/1992,04/02/2014,217-960-5560,LUTHER.MCNEIL@AOL.COM,46241,1,27,5,75
829416,JIMMY MOLINA,05/08/1966,10/11/2005,228-944-2045,JIMMY.MOLINA@GMAIL.COM,138022,1,53,14,69
146825,MORTON FRANKLIN,08/22/1960,02/14/2008,302-718-2676,MORTON.FRANKLIN@COX.NET,136498,1,59,11,55
603179,ANDREW PRICE,03/06/1987,05/31/2009,216-707-4827,ANDREW.PRICE@YAHOO.CO.UK,189614,1,32,10,79
175035,AVA ROMERO,05/25/1972,09/14/2004,205-665-8463,AVA.ROMERO@AOL.COM,154633,0,47,15,40
358935,ANASTASIA BOWEN,12/23/1992,04/01/2017,240-646-3168,ANASTASIA.BOWEN@GMAIL.COM,196480,0,27,2,40
608832,SABRINA FOWLER,01/03/1982,07/17/2006,228-504-7673,SABRINA.FOWLER@OUTLOOK.COM,130226,0,38,13,43
509911,KIRSTEN LEE,10/16/1968,12/19/2014,314-227-1897,KIRSTEN.LEE@HOTMAIL.COM,61126,0,51,5,43
354363,TABATHA ARNOLD,07/29/1976,12/01/2004,239-581-1465,TABATHA.ARNOLD@GMAIL.COM,62009,0,43,15,45
344607,GREGG MANN,05/15/1959,07/09/1998,339-989-4749,GREGG.MANN@VERIZON.NET,188608,1,60,21,54
191963,DEANNE MCCARTY,01/03/1974,07/03/2012,319-336-2399,DEANNE.MCCARTY@CHARTER.NET,91068,0,46,7,52
695631,JUANITA ZIMMERMAN,10/16/1974,11/18/2010,907-789-9367,JUANITA.ZIMMERMAN@HOTMAIL.COM,86919,0,45,9,50
547420,DOUG SMALL,12/08/1991,11/19/2014,236-456-9446,DOUG.SMALL@HOTMAIL.COM,139670,1,28,5,66
403674,BILLY MCDOWELL,10/06/1983,04/06/2014,270-556-2299,BILLY.MCDOWELL@GMAIL.COM,170510,1,36,5,57
988937,BOYD VALENCIA,06/09/1987,11/16/2016,209-925-2984,BOYD.VALENCIA@GMAIL.COM,180715,1,32,3,62
937737,ROBERTO CALDWELL,08/12/1994,03/11/2017,217-438-3997,ROBERTO.CALDWELL@GMAIL.COM,71924,1,25,2,79
144235,KRIS CONNER,05/23/1962,09/20/1998,203-368-9792,KRIS.CONNER@GMAIL.COM,102819,1,57,21,86
866051,LEANN ORTIZ,02/16/1990,04/08/2011,215-754-3823,LEANN.ORTIZ@GMAIL.COM,86569,0,29,8,59
287787,JOAQUIN BENTLEY,08/24/1961,07/28/2012,236-809-8062,JOAQUIN.BENTLEY@GMAIL.COM,96012,1,58,7,58
316579,LEANNE POTTER,01/25/1989,10/16/2015,907-743-5043,LEANNE.POTTER@EXXONMOBIL.COM,95604,0,30,4,44
625981,JAY SANDERS,01/05/1964,12/29/1987,339-616-2386,JAY.SANDERS@GMAIL.COM,123069,1,56,32,62
232661,LUZ BROWN,07/06/1961,05/18/1987,803-614-9830,LUZ.BROWN@MSN.COM,111953,0,58,32,45
863522,DUDLEY PRESTON,11/16/1977,03/24/2014,236-552-8765,DUDLEY.PRESTON@GMAIL.COM,121461,1,42,5,74
118236,MONROE BEACH,10/18/1987,08/26/2015,225-797-4264,MONROE.BEACH@BP.COM,74452,1,32,4,68
412201,DINA JONES,08/26/1990,07/26/2013,218-825-9608,DINA.JONES@AOL.COM,60935,0,29,6,51
855988,CHRISTIAN MORRISON,07/08/1959,11/12/2011,212-393-3329,CHRISTIAN.MORRISON@YAHOO.CO.IN,75109,1,60,8,65
158689,LUCILE FLEMING,12/13/1966,12/09/2006,802-541-8727,LUCILE.FLEMING@HOTMAIL.CO.UK,141720,0,53,13,60
737292,LUCIANO RAY,10/19/1991,02/22/2014,479-621-5916,LUCIANO.RAY@BTINTERNET.COM,164496,1,28,5,63
596917,AHMAD POOLE,06/06/1973,06/01/2016,219-947-6343,AHMAD.POOLE@GMAIL.COM,178345,1,46,3,79
620634,JANNA HOPKINS,11/21/1987,12/21/2011,212-272-9825,JANNA.HOPKINS@AOL.COM,40265,0,32,8,56
130591,KENDRICK MILES,08/10/1962,01/25/1991,603-789-4081,KENDRICK.MILES@IBM.COM,134103,1,57,28,52
579618,DEMETRIUS RUIZ,12/14/1992,05/20/2015,236-957-6759,DEMETRIUS.RUIZ@GMAIL.COM,83790,1,27,4,86
240295,KEN WINTERS,02/14/1995,03/31/2016,314-956-9973,KEN.WINTERS@REDIFFMAIL.COM,131126,1,24,3,59
846100,EARL GILBERT,01/14/1973,08/26/2013,212-758-7329,EARL.GILBERT@BP.COM,129931,1,47,6,53
431841,TAYLOR BARLOW,02/04/1965,04/18/1987,405-534-3458,TAYLOR.BARLOW@AOL.COM,61082,0,54,32,58
520702,CLARISSA LAWSON,06/26/1993,11/11/2015,319-776-6050,CLARISSA.LAWSON@HOTMAIL.COM,74924,0,26,4,49
771425,LEWIS FULLER,11/01/1958,12/20/2006,270-353-0382,LEWIS.FULLER@COMCAST.NET,81514,1,61,13,78
189557,CLAUDINE BLACK,05/24/1978,09/09/2015,215-283-6346,CLAUDINE.BLACK@GMAIL.COM,67398,0,41,4,45
702034,MITZI LYNCH,08/29/1960,03/17/2005,212-439-7992,MITZI.LYNCH@AOL.COM,122784,0,59,14,55
586207,MICHEL FINCH,06/26/1986,03/20/2012,239-671-5547,MICHEL.FINCH@GMAIL.COM,147516,1,33,7,72
835545,JANIE VELASQUEZ,04/19/1958,05/14/1983,215-463-9949,JANIE.VELASQUEZ@GMAIL.COM,90653,0,61,36,40
326407,SOPHIE BASS,01/16/1990,10/13/2011,231-403-9886,SOPHIE.BASS@HOTMAIL.COM,199238,0,29,8,50
414967,BETTE KANE,12/30/1979,06/13/2004,215-892-1317,BETTE.KANE@GMAIL.COM,89490,0,40,15,41
410300,DENA BLAKE,05/26/1975,02/24/2011,406-262-9506,DENA.BLAKE@HOTMAIL.COM,160716,0,44,8,40
252371,DANTE FARMER,07/15/1985,08/18/2010,701-937-3562,DANTE.FARMER@AOL.COM,191093,1,34,9,61
297502,ANGELINA LYNN,03/14/1975,03/08/2007,308-901-3456,ANGELINA.LYNN@REDIFFMAIL.COM,157805,0,44,12,45
725857,SHANNON SNOW,11/03/1961,07/30/2014,252-905-9562,SHANNON.SNOW@YAHOO.COM,114142,0,58,5,53
805103,RON GLENN,07/06/1993,09/14/2014,216-693-4688,RON.GLENN@GMAIL.COM,105706,1,26,5,90
641096,KERRY PITTS,05/04/1989,04/04/2017,405-549-8600,KERRY.PITTS@AOL.COM,179286,0,30,2,59
856369,DOMINICK ROBBINS,08/19/1979,10/21/2001,262-482-5063,DOMINICK.ROBBINS@HOTMAIL.COM,123733,1,40,18,58
318571,EMORY SPENCE,05/04/1967,10/18/2004,603-917-1365,EMORY.SPENCE@YAHOO.COM,144834,1,52,15,68
219020,LANA SPENCE,07/15/1967,06/21/2009,803-932-0349,LANA.SPENCE@AOL.COM,108199,0,52,10,54
934285,JEREMY ENGLISH,09/11/1972,10/20/1996,210-801-4949,JEREMY.ENGLISH@GMAIL.COM,88094,1,47,23,70
149763,DUDLEY MELTON,04/02/1991,05/17/2013,201-678-5216,DUDLEY.MELTON@AOL.COM,48438,1,28,6,62
363951,FRANCES STAFFORD,09/07/1965,07/25/1987,252-491-7854,FRANCES.STAFFORD@NTLWORLD.COM,177320,0,54,32,56
306185,PERCY HUNT,12/13/1970,11/07/2004,210-274-8246,PERCY.HUNT@BTINTERNET.COM,150940,1,49,15,79
225090,ALFREDO VASQUEZ,04/21/1973,10/04/2005,803-918-4988,ALFREDO.VASQUEZ@BP.COM,59287,1,46,14,88
287114,JOANNA PERKINS,08/10/1959,09/09/1992,319-846-6922,JOANNA.PERKINS@AOL.COM,196619,0,60,27,55
811489,SUSANNA HUFF,07/09/1970,05/04/2011,215-713-2665,SUSANNA.HUFF@HOTMAIL.COM,67505,0,49,8,42
162573,OLA THOMPSON,08/28/1970,08/19/2003,307-538-2638,OLA.THOMPSON@YAHOO.COM,156203,0,49,16,58
836699,LOUELLA WOLFE,02/19/1966,05/21/2001,480-650-3603,LOUELLA.WOLFE@CHARTER.NET,96037,0,53,18,47
798859,DEIRDRE TRAVIS,04/11/1971,07/15/1998,219-467-5690,DEIRDRE.TRAVIS@HOTMAIL.COM,128752,0,48,21,59
458765,KRISTINA WARE,06/26/1981,10/18/2006,209-998-1930,KRISTINA.WARE@GMAIL.COM,183956,0,38,13,44
562109,STACY DIXON,05/27/1963,11/30/1995,217-469-0283,STACY.DIXON@AOL.COM,108295,1,56,24,60
947334,FRANKIE CLARK,11/19/1960,11/20/2010,319-773-8175,FRANKIE.CLARK@APPLE.COM,175424,1,59,9,56
316995,PAULINE GILBERT,07/05/1996,07/22/2017,316-849-9526,PAULINE.GILBERT@YAHOO.COM,123599,0,23,2,52
798671,ADOLPH SKINNER,09/20/1964,05/26/2008,252-584-4280,ADOLPH.SKINNER@GMAIL.COM,180393,1,55,11,54
415004,ROSA CAMACHO,04/07/1995,05/25/2016,262-735-0438,ROSA.CAMACHO@GMAIL.COM,56054,0,24,3,43
770810,CRAIG MARQUEZ,06/16/1982,12/18/2004,231-786-8588,CRAIG.MARQUEZ@GMAIL.COM,80934,1,37,15,88
255640,STANLEY LOWE,09/07/1986,11/14/2008,304-323-8939,STANLEY.LOWE@GMAIL.COM,80699,1,33,11,75
311079,MORGAN FARRELL,04/17/1989,11/23/2011,206-732-0851,MORGAN.FARRELL@GMAIL.COM,48192,1,30,8,50
559421,REBA POTTS,04/02/1986,07/07/2011,803-530-4861,REBA.POTTS@MICROSOFT.COM,155351,0,33,8,43
959306,SHANA GOULD,07/20/1973,08/17/2000,252-316-7224,SHANA.GOULD@GMAIL.COM,74961,0,46,19,52
713805,ADAM BARTLETT,09/25/1971,06/20/2005,205-745-6937,ADAM.BARTLETT@AOL.COM,62876,1,48,14,61
532285,LEANN MELENDEZ,11/04/1973,12/17/2007,236-331-5273,LEANN.MELENDEZ@GMAIL.COM,88889,0,46,12,49
664249,FLOYD MILLS,08/29/1983,02/02/2006,308-874-7810,FLOYD.MILLS@GMAIL.COM,111583,1,36,13,54
339483,SCOTT CARRILLO,01/15/1970,08/06/1991,319-913-8966,SCOTT.CARRILLO@SBCGLOBAL.NET,171304,1,50,28,59
155956,STERLING HOOPER,09/19/1962,08/18/2003,217-697-9027,STERLING.HOOPER@HOTMAIL.COM,78732,1,57,16,90
791119,DAMON HUNT,11/28/1978,11/05/2010,304-994-3681,DAMON.HUNT@GMAIL.COM,126670,1,41,9,56
798553,MAURICIO POTTS,08/31/1986,04/15/2015,339-660-2629,MAURICIO.POTTS@YAHOO.COM,102183,1,33,4,90
981925,EBONY EATON,07/24/1964,10/26/1999,212-680-4445,EBONY.EATON@GMAIL.COM,87666,0,55,20,45
648118,BOBBIE JOYNER,04/20/1971,04/19/2016,385-473-3065,BOBBIE.JOYNER@GMAIL.COM,65153,0,48,3,48
278391,JAMI VELASQUEZ,07/23/1992,08/19/2016,218-557-1655,JAMI.VELASQUEZ@HOTMAIL.COM,40883,0,27,3,42
556573,AISHA GENTRY,10/31/1965,07/10/1991,212-970-9881,AISHA.GENTRY@AOL.COM,139115,0,54,28,43
159472,MOSES REID,12/22/1964,08/14/1999,239-593-3202,MOSES.REID@APPLE.COM,198160,1,55,20,61
871770,MONIQUE DELEON,04/09/1990,05/17/2015,216-250-6145,MONIQUE.DELEON@HOTMAIL.COM,69805,0,29,4,50
338556,DOMINGO GIBBS,11/07/1988,10/27/2013,480-908-8095,DOMINGO.GIBBS@HOTMAIL.COM,178530,1,31,6,77
182719,TAMMY VINCENT,07/13/1960,11/19/2007,217-831-1569,TAMMY.VINCENT@AOL.COM,111372,0,59,12,44
305556,FEDERICO WILSON,11/16/1974,04/13/2000,210-930-2999,FEDERICO.WILSON@YAHOO.COM,125802,1,45,19,58
915507,KORY ROTH,01/18/1974,11/24/2010,252-364-6018,KORY.ROTH@BP.COM,153636,1,46,9,68
761381,NICHOLE LLOYD,04/23/1986,12/15/2016,316-344-7236,NICHOLE.LLOYD@SHELL.COM,46766,0,33,3,45
141022,RODGER CHAVEZ,07/10/1981,03/03/2005,209-881-4520,RODGER.CHAVEZ@OUTLOOK.COM,187480,1,38,14,89
528086,BRUCE CARNEY,02/09/1974,05/07/2013,231-344-7782,BRUCE.CARNEY@HOTMAIL.COM,95018,1,45,6,55
177821,DERICK FERRELL,02/07/1975,04/05/2008,215-650-2255,DERICK.FERRELL@YAHOO.CO.IN,173372,1,44,11,79
740281,LORNA HENSON,06/09/1989,10/23/2011,215-781-4273,LORNA.HENSON@OUTLOOK.COM,85410,0,30,8,52
906797,RICO MAYO,06/10/1991,11/17/2016,216-519-9558,RICO.MAYO@GMAIL.COM,137995,1,28,3,67
790008,LUANN CRANE,03/26/1977,07/15/2010,212-213-3997,LUANN.CRANE@GMAIL.COM,84136,0,42,9,49
825433,TARA GOODWIN,07/23/1968,11/24/2007,215-869-6924,TARA.GOODWIN@SHAW.CA,84023,0,51,12,60
941759,SHAUN EVANS,04/02/1969,06/13/1990,314-659-6901,SHAUN.EVANS@GMAIL.COM,119430,1,50,29,82
313864,DEBBIE VELEZ,04/13/1963,09/29/1996,303-865-0002,DEBBIE.VELEZ@AOL.COM,138006,0,56,23,59
978745,MAY HODGE,01/22/1975,01/31/2015,314-442-0589,MAY.HODGE@HOTMAIL.COM,137894,0,44,4,56
807182,ADELINE EVANS,08/13/1988,04/07/2016,217-205-4597,ADELINE.EVANS@COX.NET,121383,0,31,3,43
463743,GUY GILBERT,09/18/1960,07/17/1988,303-645-5316,GUY.GILBERT@GMAIL.COM,91453,1,59,31,50
901775,OPAL HANSEN,11/01/1977,05/04/2017,802-968-1672,OPAL.HANSEN@HOTMAIL.COM,169631,0,42,2,41
197867,ROBBIE OCONNOR,02/08/1993,05/30/2014,228-458-9001,ROBBIE.OCONNOR@BELLSOUTH.NET,79934,0,26,5,40
423470,ELLA CRAFT,02/18/1992,04/07/2017,215-668-2344,ELLA.CRAFT@AOL.COM,64521,0,27,2,49
238361,DERRICK VAUGHN,04/16/1965,05/06/1990,319-530-2214,DERRICK.VAUGHN@IBM.COM,194264,1,54,29,82
596366,MAURA CHERRY,05/03/1970,04/05/1996,252-599-2888,MAURA.CHERRY@EARTHLINK.NET,104520,0,49,23,54
725424,RODERICK VINSON,03/03/1994,08/28/2016,307-616-3182,RODERICK.VINSON@HOTMAIL.COM,65304,1,25,3,61
229037,GWEN GILLIAM,01/13/1995,05/08/2016,216-992-9734,GWEN.GILLIAM@AOL.COM,138294,0,25,3,47
434723,MELANIE ZIMMERMAN,06/09/1970,01/12/1999,209-629-2789,MELANIE.ZIMMERMAN@AOL.COM,83300,0,49,21,58
501422,MICAH MERRITT,10/25/1983,11/27/2006,209-857-4471,MICAH.MERRITT@REDIFFMAIL.COM,146356,1,36,13,82
638943,BUFORD HOBBS,10/03/1975,03/15/2000,479-893-9574,BUFORD.HOBBS@MSN.COM,52960,1,44,19,88
935745,KYLE FARMER,11/20/1974,08/30/2015,314-838-8839,KYLE.FARMER@GMAIL.COM,195833,1,45,4,70
750581,JOCELYN ROJAS,02/04/1969,10/17/2009,239-885-4736,JOCELYN.ROJAS@EARTHLINK.NET,49158,0,50,10,46
468128,LARRY GRAY,09/14/1993,07/31/2015,210-262-9740,LARRY.GRAY@OUTLOOK.COM,193352,1,26,4,79
884877,WILBUR BATES,07/27/1989,04/12/2012,212-993-7125,WILBUR.BATES@VERIZON.NET,118264,1,30,7,76
870904,MAXINE MORAN,04/27/1968,03/25/2009,212-589-4230,MAXINE.MORAN@GMAIL.COM,61056,0,51,10,57
926224,KATHLEEN MIDDLETON,03/05/1979,05/20/2009,270-462-8251,KATHLEEN.MIDDLETON@YAHOO.COM,150091,0,40,10,45
220061,NORBERT JOYNER,04/18/1966,11/24/2008,308-463-4519,NORBERT.JOYNER@GMAIL.COM,40749,1,53,11,50
125823,CHADWICK WALTON,02/17/1966,09/14/2008,215-345-7279,CHADWICK.WALTON@EARTHLINK.NET,165482,1,53,11,61
768943,CONNIE SHAFFER,08/10/1973,10/15/1999,239-957-2975,CONNIE.SHAFFER@WALMART.COM,71160,0,46,20,52
591698,BOBBIE SINGLETON,01/31/1985,01/01/2011,212-653-6029,BOBBIE.SINGLETON@YAHOO.COM,184505,0,34,9,46
700418,LESLEY ROLLINS,03/02/1995,02/11/2017,209-231-7124,LESLEY.ROLLINS@AOL.COM,103327,0,24,2,51
476635,VICTORIA HOWE,02/09/1968,09/01/1995,216-303-3981,VICTORIA.HOWE@GMAIL.COM,160288,0,51,24,59
785299,MARC NIXON,02/20/1970,12/28/2005,215-276-4646,MARC.NIXON@GMAIL.COM,59123,1,49,14,56
225139,ELIAS PENA,03/18/1996,04/08/2017,270-272-3267,ELIAS.PENA@HOTMAIL.COM,183466,1,23,2,58
308125,FLOSSIE MCPHERSON,11/18/1969,03/18/1996,208-965-8377,FLOSSIE.MCPHERSON@GMAIL.COM,97890,0,50,23,47
129426,LANA HAYES,12/17/1975,10/15/2013,316-644-3677,LANA.HAYES@HOTMAIL.COM,82263,0,44,6,40
399192,NICK WILCOX,11/18/1976,09/10/2012,217-505-1313,NICK.WILCOX@BELLSOUTH.NET,136207,1,43,7,60
555551,NONA BUCK,06/09/1988,11/08/2010,210-661-7658,NONA.BUCK@OUTLOOK.COM,143194,0,31,9,59
245059,ABDUL BARNETT,03/26/1985,09/26/2011,236-885-1600,ABDUL.BARNETT@HOTMAIL.COM,165777,1,34,8,79
423008,INEZ KANE,05/12/1985,09/11/2009,209-572-5312,INEZ.KANE@NTLWORLD.COM,77392,0,34,10,43
316407,RAQUEL BRAY,12/09/1993,09/10/2015,212-329-7544,RAQUEL.BRAY@HOTMAIL.CO.UK,74449,0,26,4,57
410027,SEAN NOBLE,08/17/1962,03/25/2011,209-586-9398,SEAN.NOBLE@COX.NET,117566,1,57,8,78
307715,FRED WOODWARD,12/23/1970,04/04/2003,209-240-2610,FRED.WOODWARD@HOTMAIL.COM,115356,1,49,16,61
690117,SYLVESTER SALAS,09/25/1987,02/18/2016,239-817-0332,SYLVESTER.SALAS@OUTLOOK.COM,170570,1,32,3,60
149844,BERTA IRWIN,01/12/1983,06/02/2012,212-758-0414,BERTA.IRWIN@GMAIL.COM,169176,0,37,7,40
116530,NOELLE PAUL,02/01/1964,11/19/1988,605-838-1184,NOELLE.PAUL@YAHOO.COM,190616,0,55,31,41
234429,CHRYSTAL SWANSON,02/25/1984,04/27/2007,215-902-9729,CHRYSTAL.SWANSON@AOL.COM,144528,0,35,12,56
437970,REGGIE NOLAN,09/17/1989,08/05/2013,319-430-2681,REGGIE.NOLAN@GMAIL.COM,178094,1,30,6,66
766745,JOANNE MELTON,12/19/1964,03/30/2006,216-426-9488,JOANNE.MELTON@VERIZON.NET,61487,0,55,13,47
684446,BRYON GARDNER,02/23/1985,03/04/2008,209-532-8208,BRYON.GARDNER@AOL.COM,169032,1,34,11,83
385932,NOREEN VINCENT,09/15/1994,08/20/2016,270-268-3778,NOREEN.VINCENT@YAHOO.COM,163224,0,25,3,47
862150,MATHEW DURAN,09/06/1993,09/27/2015,302-891-8805,MATHEW.DURAN@AOL.COM,140169,1,26,4,89
635915,HERMINIA MORIN,02/24/1961,06/25/1989,252-295-6841,HERMINIA.MORIN@YAHOO.COM,160770,0,58,30,50
540696,LUKE CRAFT,08/25/1984,07/26/2013,270-381-3548,LUKE.CRAFT@APPLE.COM,114661,1,35,6,86
870351,RONNY LONG,12/10/1982,11/25/2009,319-680-3248,RONNY.LONG@MICROSOFT.COM,115908,1,37,10,60
360498,JEANNINE VAUGHN,04/09/1978,04/29/2014,207-276-8057,JEANNINE.VAUGHN@AOL.COM,153407,0,41,5,52
397164,SILVIA HUFF,02/12/1974,01/28/2009,210-570-5638,SILVIA.HUFF@GMAIL.COM,67189,0,45,10,46
488068,MARGO HOFFMAN,05/14/1985,12/21/2009,207-512-9091,MARGO.HOFFMAN@GMAIL.COM,117004,0,34,10,52
890432,KIMBERLY SUMMERS,12/31/1958,04/30/2006,270-484-2113,KIMBERLY.SUMMERS@MSN.COM,184073,0,61,13,41
935890,JODIE MCKINNEY,10/16/1995,12/24/2016,423-906-6653,JODIE.MCKINNEY@BP.COM,83325,0,24,3,44
541867,LORRIE LEBLANC,01/12/1968,02/13/1993,209-971-3069,LORRIE.LEBLANC@GMAIL.COM,74192,0,52,26,42
885774,MILES GILES,08/03/1976,02/12/2007,219-201-2782,MILES.GILES@YAHOO.COM,105720,1,43,12,64
979649,JAMAR CASTANEDA,05/11/1982,05/22/2006,302-432-3433,JAMAR.CASTANEDA@YAHOO.COM,68745,1,37,13,76
599012,AMBER WARNER,11/19/1957,08/06/2016,229-317-6542,AMBER.WARNER@HOTMAIL.COM,116847,0,62,3,58
204626,STERLING PATEL,02/15/1966,11/11/2001,206-767-7661,STERLING.PATEL@AOL.COM,151009,1,53,18,59
830006,ENID PEARSON,07/28/1972,04/24/2006,201-401-9033,ENID.PEARSON@COX.NET,183123,0,47,13,60
127205,ANNMARIE FRYE,06/04/1986,07/14/2013,219-931-4746,ANNMARIE.FRYE@CHARTER.NET,72981,0,33,6,40
215589,MOLLY ROACH,10/21/1966,10/01/2005,262-674-8386,MOLLY.ROACH@GMAIL.COM,74803,0,53,14,60
621606,ROGELIO POOLE,03/31/1992,07/27/2014,405-479-3205,ROGELIO.POOLE@EXXONMOBIL.COM,85147,1,27,5,67
223379,MATHEW DUKE,01/17/1993,09/06/2015,316-687-4762,MATHEW.DUKE@REDIFFMAIL.COM,196685,1,26,4,70
236366,LEWIS AYALA,11/29/1992,06/15/2016,252-216-6091,LEWIS.AYALA@GMAIL.COM,144369,1,27,3,71
798043,CLAUDETTE WALTER,02/17/1984,08/04/2012,212-366-5351,CLAUDETTE.WALTER@OUTLOOK.COM,44430,0,35,7,43
811092,TRACIE DELANEY,05/31/1973,05/19/2011,239-752-5987,TRACIE.DELANEY@HOTMAIL.COM,144899,0,46,8,53
288820,ERIC MCCULLOUGH,10/17/1965,03/20/1997,216-663-9379,ERIC.MCCULLOUGH@GMAIL.COM,151530,1,54,22,54
138351,NESTOR CARNEY,06/05/1975,12/04/1996,314-545-0008,NESTOR.CARNEY@GMAIL.COM,77526,1,44,23,79
130501,MITZI MUELLER,03/03/1967,04/10/2010,302-207-3101,MITZI.MUELLER@HOTMAIL.COM,91870,0,52,9,47
587373,LILLIAN ATKINSON,02/25/1993,12/26/2016,209-957-4797,LILLIAN.ATKINSON@AOL.COM,181837,0,26,3,40
750124,BARRY GARNER,12/21/1979,01/26/2014,479-955-4801,BARRY.GARNER@GMAIL.COM,182944,1,40,5,64
495105,COLEEN MORRIS,11/16/1995,02/02/2017,215-600-1535,COLEEN.MORRIS@GMAIL.COM,76605,0,24,2,48
282678,MARCI ALVARADO,05/31/1966,09/02/2007,803-237-9797,MARCI.ALVARADO@GMAIL.COM,174673,0,53,12,52
241302,MONTY LANCASTER,03/18/1960,08/07/1985,236-489-0926,MONTY.LANCASTER@WALMART.COM,53313,1,59,34,50
790290,NORRIS ADAMS,10/21/1993,04/08/2016,215-214-5440,NORRIS.ADAMS@YAHOO.COM,88865,1,26,3,89
924304,ELVIRA BYRD,02/07/1990,04/19/2011,270-690-8211,ELVIRA.BYRD@GMAIL.COM,77787,0,29,8,54
234880,KEVEN LOGAN,02/11/1989,05/10/2012,215-821-6108,KEVEN.LOGAN@GMAIL.COM,94291,1,30,7,63
443072,ROSENDO RASMUSSEN,10/26/1978,04/29/2001,209-570-8160,ROSENDO.RASMUSSEN@EARTHLINK.NET,84964,1,41,18,64
232070,CARLY LEACH,01/03/1971,12/20/2013,231-419-8211,CARLY.LEACH@COX.NET,182390,0,49,6,60
902132,COLLEEN BRAY,04/07/1982,07/29/2014,239-748-0076,COLLEEN.BRAY@HOTMAIL.COM,71784,0,37,5,57
280781,OLLIE WILLIAM,10/19/1979,09/14/2007,210-447-5194,OLLIE.WILLIAM@VERIZON.NET,128589,0,40,12,43
589440,HILARIO VANG,06/06/1978,04/12/2011,212-345-2791,HILARIO.VANG@GMAIL.COM,133205,1,41,8,89
940754,NADINE BLANCHARD,03/14/1978,10/29/2001,209-571-2529,NADINE.BLANCHARD@EXXONMOBIL.COM,104269,0,41,18,52
888277,WM CARROLL,05/16/1987,01/17/2017,212-333-9668,WM.CARROLL@GMAIL.COM,146342,1,32,2,67
430202,MINNIE MCKEE,08/26/1995,09/23/2016,216-831-2721,MINNIE.MCKEE@GMAIL.COM,104332,0,24,3,59
928723,ANGELA COMPTON,01/21/1967,12/01/2008,802-785-3606,ANGELA.COMPTON@GMAIL.COM,127733,0,53,11,40
449164,LILLIAN GILL,07/28/1970,04/09/2000,505-396-0307,LILLIAN.GILL@GMAIL.COM,75411,0,49,19,47
117603,BOB WEISS,10/26/1991,12/23/2012,212-927-2029,BOB.WEISS@HOTMAIL.COM,88733,1,28,7,61
811884,EDWIN PEREZ,02/27/1992,06/11/2014,262-268-3289,EDWIN.PEREZ@GMAIL.COM,109695,1,27,5,84
463579,BERNARDO LANGLEY,10/21/1972,08/30/2007,229-818-8713,BERNARDO.LANGLEY@HOTMAIL.COM,174027,1,47,12,89
915993,WILLIAM MORRISON,03/30/1967,10/02/2001,405-559-1017,WILLIAM.MORRISON@GMAIL.COM,109382,1,52,18,90
836259,VANCE OSBORNE,11/09/1972,06/30/2001,503-546-8875,VANCE.OSBORNE@SHAW.CA,148267,1,47,18,70
520719,EDMUND SALAS,07/08/1959,08/16/1989,217-682-7457,EDMUND.SALAS@AOL.COM,126758,1,60,30,60
409341,IMOGENE SANDERS,06/03/1985,10/15/2012,319-714-7958,IMOGENE.SANDERS@YAHOO.COM,55845,0,34,7,50
528576,DARIN CALLAHAN,10/27/1992,04/14/2014,406-263-9628,DARIN.CALLAHAN@GMAIL.COM,64901,1,27,5,72
315565,LORETTA SAWYER,01/23/1996,03/07/2017,270-277-4308,LORETTA.SAWYER@HOTMAIL.COM,78780,0,23,2,47
242740,OLIVE LIVINGSTON,02/09/1981,09/16/2002,314-500-3453,OLIVE.LIVINGSTON@CHARTER.NET,184008,0,38,17,55
763459,GINO MCCONNELL,10/08/1975,05/23/2005,803-885-7673,GINO.MCCONNELL@AOL.COM,57731,1,44,14,73
239010,FRED HAYES,12/17/1979,03/30/2001,228-610-8759,FRED.HAYES@YAHOO.COM,58345,1,40,18,59
865905,NELSON WILKINS,12/12/1961,02/23/2017,479-735-4213,NELSON.WILKINS@EARTHLINK.NET,141143,1,58,2,67
657908,JOYCE HOOPER,02/21/1980,07/14/2002,270-280-4283,JOYCE.HOOPER@HOTMAIL.COM,68835,0,39,17,45
652723,JULIANA ROWLAND,04/07/1993,12/08/2016,314-819-1491,JULIANA.ROWLAND@AOL.COM,67506,0,26,3,47
944699,NORRIS MACK,09/18/1983,10/16/2009,339-617-2666,NORRIS.MACK@YAHOO.CO.IN,116248,1,36,10,73
517283,TOM FRYE,04/09/1976,03/18/2015,225-574-3475,TOM.FRYE@GMAIL.COM,65753,1,43,4,72
176214,JOSEPHINE PITTS,12/29/1972,08/30/2008,216-702-5455,JOSEPHINE.PITTS@HOTMAIL.COM,40040,0,47,11,58
680485,LES BRADY,07/06/1990,12/23/2016,206-830-5542,LES.BRADY@GMAIL.COM,158773,1,29,3,63
891142,JAIME AVERY,03/07/1967,10/28/2005,701-430-8105,JAIME.AVERY@AOL.COM,187800,1,52,14,63
810984,MARISSA CALDWELL,10/03/1979,10/25/2000,229-266-9475,MARISSA.CALDWELL@AOL.COM,135046,0,40,19,56
896022,LAVERN GARDNER,10/19/1971,02/27/1998,219-973-4977,LAVERN.GARDNER@AOL.COM,140328,1,48,21,50
162773,EVANGELINE MEJIA,09/06/1959,01/31/2010,385-955-8462,EVANGELINE.MEJIA@GMAIL.COM,93417,0,60,9,42
408036,BRANDY CARR,11/21/1976,09/21/2008,701-618-4337,BRANDY.CARR@BTINTERNET.COM,197345,0,43,11,50
591248,MOLLY MANNING,06/11/1962,06/30/2004,316-214-2098,MOLLY.MANNING@HOTMAIL.COM,65981,0,57,15,48
562393,GALE PEREZ,12/02/1964,04/10/1994,701-825-3358,GALE.PEREZ@REDIFFMAIL.COM,188811,1,55,25,60
808843,MERLIN YATES,01/01/1991,04/04/2012,215-757-1383,MERLIN.YATES@YAHOO.CO.UK,144104,1,29,7,80
645393,NELSON MOONEY,06/02/1967,07/01/1995,314-674-3119,NELSON.MOONEY@YAHOO.COM,136885,1,52,24,62
685818,JACKSON BASS,03/14/1983,06/03/2013,228-942-3725,JACKSON.BASS@GMAIL.COM,172555,1,36,6,50
747647,TRISHA MUELLER,06/13/1975,09/28/2006,212-514-3604,TRISHA.MUELLER@BP.COM,133504,0,44,13,50
846178,LILIA COLLINS,06/07/1980,02/04/2004,209-724-7936,LILIA.COLLINS@YAHOO.COM,196782,0,39,15,46
754091,KIMBERLY CANTU,10/07/1976,10/04/2002,308-517-8706,KIMBERLY.CANTU@YAHOO.COM,198580,0,43,17,46
808727,LUCIANO JORDAN,04/23/1994,03/12/2016,212-601-9238,LUCIANO.JORDAN@AOL.COM,168292,1,25,3,67
143029,DANNY ROBBINS,09/27/1963,02/13/1999,219-323-1225,DANNY.ROBBINS@HOTMAIL.COM,123832,1,56,20,87
923271,WILFREDO RICHARDS,12/13/1960,10/26/1985,218-269-4257,WILFREDO.RICHARDS@GMAIL.COM,173178,1,59,34,64
621988,CALLIE SNIDER,12/18/1989,06/25/2012,505-793-7860,CALLIE.SNIDER@YAHOO.COM,147243,0,30,7,44
240842,RACHELLE REED,11/27/1977,04/14/2010,210-267-6023,RACHELLE.REED@YAHOO.CO.UK,88748,0,42,9,55
517038,BOBBI OLSON,11/03/1963,06/05/2017,319-758-4226,BOBBI.OLSON@HOTMAIL.COM,143127,0,56,2,57
456842,KRIS RICHARDS,02/24/1966,04/14/2011,314-830-8975,KRIS.RICHARDS@AOL.COM,173303,0,53,8,50
276700,MARISSA MEYER,07/13/1958,02/28/1995,701-369-9836,MARISSA.MEYER@REDIFFMAIL.COM,172845,0,61,24,40
510431,JAMAR REESE,06/13/1965,03/26/1999,405-738-3960,JAMAR.REESE@HOTMAIL.CO.UK,134013,1,54,20,58
451543,NELDA WEBSTER,01/16/1986,03/03/2016,229-950-3117,NELDA.WEBSTER@GMAIL.COM,161123,0,34,3,59
423508,CAROLINA BRUCE,10/06/1971,04/22/2007,201-569-3227,CAROLINA.BRUCE@AOL.COM,177947,0,48,12,54
399486,TERRI PHELPS,11/23/1975,12/16/1998,231-941-6394,TERRI.PHELPS@MICROSOFT.COM,183013,0,44,21,41
295933,NESTOR ROSALES,04/05/1979,04/23/2010,423-342-5433,NESTOR.ROSALES@AOL.COM,71204,1,40,9,67
855670,ADRIAN ROBLES,06/08/1958,10/14/1982,212-956-0905,ADRIAN.ROBLES@GMAIL.COM,166464,0,61,37,40
151449,KYLE RIOS,02/09/1993,11/28/2016,303-875-0643,KYLE.RIOS@YAHOO.CO.UK,111183,1,26,3,55
394700,DOMINGO WILKINSON,01/21/1985,03/12/2008,262-227-1790,DOMINGO.WILKINSON@OUTLOOK.COM,95530,1,34,11,80
328740,LEONARDO BIRD,01/24/1974,05/26/1997,228-228-5325,LEONARDO.BIRD@BP.COM,116972,1,45,22,58
924134,HUBERT ZIMMERMAN,03/22/1980,10/07/2009,270-258-3097,HUBERT.ZIMMERMAN@GMAIL.COM,79197,1,39,10,59
556518,KORY FRANK,08/29/1987,09/28/2010,205-760-7355,KORY.FRANK@YAHOO.CO.IN,102865,1,32,9,61
237003,TAMI HAYES,12/18/1992,04/02/2016,307-371-2781,TAMI.HAYES@GMAIL.COM,170836,0,27,3,58
518193,AMANDA CARR,05/27/1973,11/27/2009,210-872-1018,AMANDA.CARR@GMAIL.COM,100000,0,46,10,53
540019,STEPHEN BAUER,06/13/1990,08/30/2013,201-262-7702,STEPHEN.BAUER@SBCGLOBAL.NET,183279,1,29,6,50
489463,JOHNIE CARNEY,06/07/1991,06/20/2015,236-562-1999,JOHNIE.CARNEY@YAHOO.COM,151127,1,28,4,82
763039,REBEKAH HULL,01/25/1973,04/29/2017,303-243-8627,REBEKAH.HULL@EARTHLINK.NET,104526,0,46,2,49
854365,KELLY SPENCE,03/12/1972,04/03/1997,210-574-2395,KELLY.SPENCE@YAHOO.CO.UK,103499,0,47,22,40
233110,TRACIE ESTES,05/11/1982,04/17/2012,201-900-5228,TRACIE.ESTES@HOTMAIL.COM,159071,0,37,7,60
416483,BENNETT LE,08/08/1982,05/29/2004,252-545-5705,BENNETT.LE@GMAIL.COM,144885,1,37,15,76
629763,VERNON BASS,10/06/1962,03/18/2013,215-737-1085,VERNON.BASS@AOL.COM,79853,1,57,6,79
755278,THERON SWEET,03/15/1995,06/14/2016,209-659-1839,THERON.SWEET@GMAIL.COM,187715,1,24,3,86
471560,ERNIE HOLDEN,11/28/1983,05/15/2013,316-629-8682,ERNIE.HOLDEN@YAHOO.COM,75839,1,36,6,88
988676,SHAWN RASMUSSEN,12/04/1978,07/05/2013,218-496-2108,SHAWN.RASMUSSEN@GMAIL.COM,86337,1,41,6,51
606109,ENRIQUE ADAMS,12/14/1965,08/18/2001,405-571-4413,ENRIQUE.ADAMS@REDIFFMAIL.COM,100224,1,54,18,58
414129,ERNIE AGUILAR,08/08/1960,01/17/2001,210-379-4233,ERNIE.AGUILAR@AOL.COM,152421,1,59,18,54
286890,CAROLYN DONALDSON,04/29/1960,03/01/2005,231-530-3573,CAROLYN.DONALDSON@GMAIL.COM,144259,0,59,14,41
944811,MARGIE DELEON,04/13/1979,08/28/2005,262-328-7339,MARGIE.DELEON@SBCGLOBAL.NET,193461,0,40,14,47
975770,KEVEN COLLINS,07/12/1972,10/01/1995,479-891-5368,KEVEN.COLLINS@GMAIL.COM,161705,1,47,24,75
590955,BRUCE COLON,05/02/1972,08/25/2010,231-408-6959,BRUCE.COLON@MICROSOFT.COM,139425,1,47,9,79
565658,KRISTEN LOTT,07/06/1989,03/20/2011,229-410-7907,KRISTEN.LOTT@MSN.COM,188910,0,30,8,56
569664,HOWARD DODSON,02/25/1983,02/18/2007,225-278-0032,HOWARD.DODSON@GMAIL.COM,82516,1,36,12,64
939970,MERLE BRITT,11/14/1977,06/21/2009,218-565-3209,MERLE.BRITT@AOL.COM,145515,1,42,10,90
848744,HECTOR BRADLEY,10/09/1988,01/05/2013,215-446-9901,HECTOR.BRADLEY@YAHOO.COM,155065,1,31,7,52
452230,DARNELL SPENCER,09/13/1969,08/11/1999,212-201-2194,DARNELL.SPENCER@AOL.COM,120778,1,50,20,76
930129,JANELLE WILLIAM,02/23/1971,10/11/2004,907-713-8781,JANELLE.WILLIAM@HOTMAIL.COM,70544,0,48,15,59
909139,EULA ATKINSON,05/06/1963,02/16/2012,270-896-2990,EULA.ATKINSON@HOTMAIL.COM,70531,0,56,7,52
678436,THERESA BENDER,02/27/1959,02/27/1982,406-354-1359,THERESA.BENDER@GMAIL.COM,112711,0,60,37,54
196011,KIMBERLEY JACOBSON,10/01/1989,10/20/2010,314-694-4397,KIMBERLEY.JACOBSON@GMAIL.COM,129756,0,30,9,52
666886,ANGELITA REYES,06/16/1963,01/30/1987,231-348-5787,ANGELITA.REYES@SHAW.CA,117868,0,56,32,45
572348,SELMA FLOYD,09/30/1993,11/26/2015,201-890-6290,SELMA.FLOYD@HOTMAIL.COM,65787,0,26,4,58
846144,EDNA PAUL,01/08/1960,08/22/1989,202-884-0157,EDNA.PAUL@YAHOO.COM,75261,0,60,30,48
665326,DEWAYNE SHEPPARD,11/12/1958,05/21/2003,314-751-4025,DEWAYNE.SHEPPARD@GMAIL.COM,117143,1,61,16,78
119399,GALE RODRIQUEZ,05/25/1961,05/23/1995,218-967-8338,GALE.RODRIQUEZ@IBM.COM,90590,1,58,24,85
744539,CORA BLACKBURN,12/24/1963,11/07/2013,303-881-1240,CORA.BLACKBURN@GMAIL.COM,62973,0,56,6,53
518154,ANNMARIE ROTH,10/16/1980,02/22/2006,212-963-4986,ANNMARIE.ROTH@OUTLOOK.COM,57649,0,39,13,45
416872,OWEN LOPEZ,11/10/1976,05/26/2017,314-473-4852,OWEN.LOPEZ@HOTMAIL.CO.UK,128144,1,43,2,65
339806,CHRYSTAL PITTMAN,11/20/1966,03/23/2009,212-255-0536,CHRYSTAL.PITTMAN@GMAIL.COM,63095,0,53,10,47
991522,THURMAN DANIEL,04/14/1969,11/18/2001,319-660-0064,THURMAN.DANIEL@GMAIL.COM,168935,1,50,18,86
830373,DARNELL HOFFMAN,04/17/1982,02/25/2013,406-889-6201,DARNELL.HOFFMAN@REDIFFMAIL.COM,189337,1,37,6,75
987377,RAYMUNDO SIMS,11/27/1963,08/14/2009,218-865-5355,RAYMUNDO.SIMS@AOL.COM,184370,1,56,10,59
551251,FREDERICK GRAHAM,12/22/1962,04/26/2015,262-925-8981,FREDERICK.GRAHAM@AOL.COM,180550,1,57,4,79
143864,NATALIE MARSHALL,12/24/1973,03/25/2001,202-347-7490,NATALIE.MARSHALL@OUTLOOK.COM,118172,0,46,18,58
679990,THAD FRANKLIN,02/24/1994,11/02/2016,423-587-6653,THAD.FRANKLIN@CHARTER.NET,116818,1,25,3,51
851939,BELINDA TRUJILLO,10/19/1991,01/23/2017,319-756-6511,BELINDA.TRUJILLO@BTINTERNET.COM,156339,0,28,2,43
272885,ROSANNA CHASE,04/12/1972,12/22/2011,406-613-2777,ROSANNA.CHASE@YAHOO.COM,81401,0,47,8,42
588553,WILDA RIOS,11/04/1986,06/03/2010,207-782-0745,WILDA.RIOS@YAHOO.COM,45345,0,33,9,41
739367,ALYSSA MARQUEZ,05/26/1978,07/07/2012,236-605-1693,ALYSSA.MARQUEZ@GMAIL.COM,46119,0,41,7,46
271247,LIZ BARRY,09/02/1991,08/26/2013,209-903-1796,LIZ.BARRY@GMAIL.COM,155974,0,28,6,46
778200,MARIANO LLOYD,08/02/1959,11/16/1996,304-979-3524,MARIANO.LLOYD@AOL.COM,119877,1,60,23,50
338449,FOREST MOSS,08/29/1963,05/13/1994,701-635-9553,FOREST.MOSS@YAHOO.COM,177768,1,56,25,59
581042,GINO SULLIVAN,11/20/1965,02/02/2014,236-716-9172,GINO.SULLIVAN@EXXONMOBIL.COM,65297,1,54,5,70
138800,JARRED BERNARD,05/01/1968,04/24/2012,205-585-7186,JARRED.BERNARD@HOTMAIL.COM,169107,1,51,7,51
553362,PRESTON FLOYD,03/21/1968,05/05/1992,314-653-6714,PRESTON.FLOYD@BELLSOUTH.NET,68488,1,51,27,54
435055,CLINTON FARLEY,08/19/1982,05/31/2015,231-961-6736,CLINTON.FARLEY@SBCGLOBAL.NET,87911,1,37,4,66
469392,DANA HILL,11/05/1958,06/29/1999,907-394-7955,DANA.HILL@GMAIL.COM,146938,0,61,20,59
161467,ODELL BRYAN,10/20/1980,08/04/2012,262-231-1161,ODELL.BRYAN@YAHOO.CO.IN,47971,1,39,7,89
755543,TAMEKA ATKINSON,08/30/1983,10/12/2009,240-525-4695,TAMEKA.ATKINSON@HOTMAIL.COM,100525,0,36,10,46
129077,DOMINIQUE MORENO,01/08/1991,08/26/2014,385-619-6792,DOMINIQUE.MORENO@AOL.COM,65901,1,29,5,83
707856,ABRAHAM MAYO,05/03/1989,01/31/2015,270-635-8933,ABRAHAM.MAYO@IBM.COM,190663,1,30,4,58
817818,AUGUSTUS HINES,11/27/1966,11/13/1990,206-591-3506,AUGUSTUS.HINES@YAHOO.COM,183713,1,53,29,90
226811,RENE BURKS,01/01/1992,12/24/2016,270-263-6464,RENE.BURKS@REDIFFMAIL.COM,52560,1,28,3,83
283199,CHRISTIAN ACEVEDO,07/21/1980,09/16/2006,216-560-2480,CHRISTIAN.ACEVEDO@OUTLOOK.COM,132022,1,39,13,89
319493,MAJOR LUCAS,11/09/1982,02/09/2011,803-342-2604,MAJOR.LUCAS@GMAIL.COM,105620,1,37,8,53
205347,FRIEDA HEBERT,08/23/1957,06/11/1985,215-341-4420,FRIEDA.HEBERT@NTLWORLD.COM,138878,0,62,34,44
508019,RACHAEL NEWMAN,06/12/1960,07/11/2001,205-630-4701,RACHAEL.NEWMAN@GMAIL.COM,166948,0,59,18,42
774862,BERNADINE JOSEPH,12/01/1967,03/03/2006,270-399-4566,BERNADINE.JOSEPH@GMAIL.COM,49212,0,52,13,53
394200,DEANNA MCCOY,09/08/1972,06/27/1995,262-864-7136,DEANNA.MCCOY@YAHOO.COM,92993,0,47,24,54
887692,JOSEPH TUCKER,10/03/1979,08/22/2006,423-702-7689,JOSEPH.TUCKER@BP.COM,199923,1,40,13,51
408248,ANTWAN RICHARDSON,09/29/1973,07/15/2004,209-406-6320,ANTWAN.RICHARDSON@HOTMAIL.COM,114321,1,46,15,83
787931,HARRISON ORTEGA,04/13/1975,07/27/1998,314-369-3092,HARRISON.ORTEGA@EXXONMOBIL.COM,175569,1,44,21,82
547050,DYLAN CANTU,07/01/1963,12/25/1998,202-492-5695,DYLAN.CANTU@AOL.COM,168495,1,56,21,60
964084,WINSTON HEWITT,04/11/1958,08/14/2013,225-919-9605,WINSTON.HEWITT@BP.COM,89708,1,61,6,54
574256,SERENA MARSHALL,11/01/1980,05/01/2016,240-890-0735,SERENA.MARSHALL@YAHOO.COM,136097,0,39,3,59
215473,MARYANN VANCE,11/02/1971,06/08/2010,228-827-0595,MARYANN.VANCE@SBCGLOBAL.NET,116843,0,48,9,54
932175,ROXIE MCKAY,10/14/1989,11/25/2013,216-940-3945,ROXIE.MCKAY@GMAIL.COM,44868,0,30,6,49
472119,SONNY MORIN,11/19/1969,11/15/2001,216-364-8955,SONNY.MORIN@GMAIL.COM,120002,1,50,18,60
282137,EDUARDO BURNETT,03/30/1970,02/27/2002,262-498-0317,EDUARDO.BURNETT@GMAIL.COM,146973,1,49,17,75
395867,MARIETTA WATSON,03/25/1971,01/31/2014,480-621-8088,MARIETTA.WATSON@GMAIL.COM,138943,0,48,5,58
923329,NETTIE PRESTON,06/26/1979,09/15/2003,216-500-1514,NETTIE.PRESTON@GMAIL.COM,174389,0,40,16,40
901654,SANDY GILLESPIE,07/21/1989,10/21/2012,231-470-6122,SANDY.GILLESPIE@YAHOO.COM,143979,1,30,7,76
673438,CHRISTOPHER PETERS,07/24/1989,10/17/2015,316-381-2376,CHRISTOPHER.PETERS@EXXONMOBIL.COM,157427,1,30,4,63
626693,FELICIA GILMORE,02/04/1973,02/26/1996,236-751-0200,FELICIA.GILMORE@GMAIL.COM,60433,0,46,23,41
683325,TYLER MERCADO,04/23/1968,12/04/1999,228-846-6014,TYLER.MERCADO@GMAIL.COM,111364,1,51,20,51
486465,ARLINE CAMPBELL,12/28/1987,04/06/2012,217-576-2262,ARLINE.CAMPBELL@GMAIL.COM,148717,0,32,7,53
213493,MARGO DANIELS,01/26/1970,10/14/2009,219-923-9444,MARGO.DANIELS@GMAIL.COM,96218,0,49,10,55
234177,KAREEM JIMENEZ,07/23/1982,06/29/2010,212-998-0652,KAREEM.JIMENEZ@GMAIL.COM,105034,1,37,9,61
289041,NANETTE LEE,05/13/1963,09/14/2016,209-309-8591,NANETTE.LEE@AOL.COM,114631,0,56,3,57
384810,MYRA FRANCO,02/11/1990,03/25/2012,270-570-5121,MYRA.FRANCO@HOTMAIL.COM,87704,0,29,7,58
149750,LUTHER HARRELL,01/28/1980,12/01/2009,229-521-3282,LUTHER.HARRELL@HOTMAIL.COM,152889,1,39,10,84
864858,RAMON CAMPBELL,09/22/1990,04/12/2013,203-886-1827,RAMON.CAMPBELL@WALMART.COM,194123,1,29,6,81
856418,SALLIE HUFFMAN,08/11/1962,04/30/2005,229-946-2253,SALLIE.HUFFMAN@WALMART.COM,70060,0,57,14,60
415537,SHIRLEY HERRERA,08/04/1977,02/28/2010,209-239-8332,SHIRLEY.HERRERA@GMAIL.COM,73333,0,42,9,44
414557,COREY HARRELL,07/23/1971,05/16/2003,212-792-8145,COREY.HARRELL@YAHOO.COM,40261,1,48,16,81
999475,CARRIE KELLER,03/12/1994,07/31/2015,479-566-8608,CARRIE.KELLER@GMAIL.COM,79233,0,25,4,40
554345,OFELIA RIVERS,05/14/1974,07/14/2000,203-437-2507,OFELIA.RIVERS@GMAIL.COM,53050,0,45,19,46
349751,SHELTON HARRISON,04/20/1986,09/03/2011,319-398-8029,SHELTON.HARRISON@YAHOO.COM,129402,1,33,8,84
194598,CARLENE BERNARD,07/21/1994,08/17/2015,339-681-0793,CARLENE.BERNARD@AOL.COM,56938,0,25,4,60
466860,EARLINE CHERRY,07/19/1975,04/04/1997,215-613-8378,EARLINE.CHERRY@BP.COM,154554,0,44,22,56
618554,KITTY MATHIS,11/02/1958,10/26/1991,503-291-7361,KITTY.MATHIS@GMAIL.COM,131033,0,61,28,57
535812,LAVONNE CARNEY,11/24/1969,05/02/2009,210-383-2844,LAVONNE.CARNEY@BP.COM,143616,0,50,10,41
500345,REYNA MARKS,10/10/1982,03/13/2017,216-657-0482,REYNA.MARKS@HOTMAIL.COM,109805,0,37,2,43
735598,PRESTON PEREZ,10/30/1961,10/29/1992,231-627-1020,PRESTON.PEREZ@YAHOO.COM,69430,1,58,27,55
921061,ISAAC COCHRAN,07/14/1964,08/25/2006,212-938-7324,ISAAC.COCHRAN@CHARTER.NET,45973,1,55,13,87
968785,NOE CLAY,03/22/1975,08/11/2002,217-458-3909,NOE.CLAY@BELLSOUTH.NET,180086,1,44,17,72
735499,CALLIE COHEN,12/25/1967,10/19/1996,212-913-8969,CALLIE.COHEN@AOL.COM,56526,0,52,23,45
983480,ELLIOTT MARKS,01/29/1966,01/05/2000,229-435-8916,ELLIOTT.MARKS@AOL.COM,100866,1,53,20,60
206279,GEORGINA LAMB,11/09/1991,04/12/2016,316-334-5403,GEORGINA.LAMB@GMAIL.COM,56863,0,28,3,42
582100,FRANCES MAY,11/20/1966,12/21/2001,201-510-4857,FRANCES.MAY@REDIFFMAIL.COM,191830,1,53,18,56
821988,MARC HURLEY,07/21/1982,12/13/2016,210-771-0515,MARC.HURLEY@GMAIL.COM,88052,1,37,3,70
611384,NATHANIEL BATES,11/02/1967,09/20/2003,304-485-6950,NATHANIEL.BATES@EXXONMOBIL.COM,166017,1,52,16,76
993792,COLBY HOLDER,08/08/1973,01/06/1999,229-363-7104,COLBY.HOLDER@WALMART.COM,62228,1,46,21,59
316999,DEE LOVE,09/21/1963,07/02/1993,219-453-1822,DEE.LOVE@IBM.COM,93272,0,56,26,40
880526,WILLIE GIBSON,01/09/1962,08/01/1999,210-672-1876,WILLIE.GIBSON@GMAIL.COM,191109,1,58,20,61
201612,ALISON WALSH,08/12/1971,08/20/2010,803-754-2504,ALISON.WALSH@BTINTERNET.COM,154700,0,48,9,42
481137,GENA HOLMAN,05/05/1989,06/18/2013,479-730-0439,GENA.HOLMAN@NTLWORLD.COM,42626,0,30,6,47
191985,TAMMY CASEY,04/14/1980,03/19/2002,216-524-3435,TAMMY.CASEY@GMAIL.COM,192743,0,39,17,51
244500,SHIRLEY WALLER,06/24/1959,02/10/1990,270-487-2309,SHIRLEY.WALLER@WALMART.COM,130706,0,60,29,46
920668,JOANNA POOLE,05/25/1987,06/09/2015,314-243-5461,JOANNA.POOLE@BELLSOUTH.NET,141884,0,32,4,52
335470,AMBER MENDOZA,02/05/1973,09/05/1994,603-466-5911,AMBER.MENDOZA@GMAIL.COM,63144,0,46,25,56
150036,LOURDES HULL,05/27/1968,11/16/1990,480-286-0831,LOURDES.HULL@HOTMAIL.COM,64976,0,51,29,47
251640,KIM ENGLAND,02/18/1970,06/25/1995,423-810-3573,KIM.ENGLAND@GMAIL.COM,112635,0,49,24,50
588702,HALEY MADDOX,03/13/1972,06/25/2004,480-776-8203,HALEY.MADDOX@GMAIL.COM,160196,0,47,15,48
707453,RORY ATKINS,09/05/1966,03/19/1995,270-530-6531,RORY.ATKINS@GMAIL.COM,155903,1,53,24,52
239168,KATHRINE WHITAKER,07/30/1992,09/21/2016,210-927-7641,KATHRINE.WHITAKER@YAHOO.COM,183618,0,27,3,46
146790,LOU BUCKNER,10/29/1989,11/29/2010,701-559-9925,LOU.BUCKNER@GMAIL.COM,45969,0,30,9,42
637843,KARLA BARRERA,06/16/1966,05/12/1993,406-503-5614,KARLA.BARRERA@GMAIL.COM,172421,0,53,26,40
689587,AVA KANE,04/10/1983,03/24/2012,219-501-7805,AVA.KANE@AOL.COM,82550,0,36,7,40
126316,ROSEANN RILEY,08/17/1976,02/22/2010,605-260-9998,ROSEANN.RILEY@AOL.COM,73715,0,43,9,50
318026,ELIZABETH FERNANDEZ,07/04/1995,07/31/2016,236-680-8124,ELIZABETH.FERNANDEZ@GMAIL.COM,125562,0,24,3,50
848311,FLORA DECKER,08/20/1957,06/22/1995,385-701-5077,FLORA.DECKER@AOL.COM,83996,0,62,24,44
774548,SHANNON PARKER,12/17/1987,02/13/2011,907-888-7743,SHANNON.PARKER@YAHOO.COM,96768,0,32,8,56
611233,JAMES CAIN,01/04/1996,02/22/2017,208-623-6536,JAMES.CAIN@GMAIL.COM,184223,0,24,2,48
421652,CRAIG ROBERTS,09/26/1964,10/22/2004,217-340-7427,CRAIG.ROBERTS@YAHOO.CO.UK,174547,1,55,15,67
528969,CELINA HUFFMAN,08/25/1977,09/15/2002,303-570-6473,CELINA.HUFFMAN@AOL.COM,115518,0,42,17,59
202408,JIMMIE BURNETT,02/23/1995,01/01/2017,206-621-6851,JIMMIE.BURNETT@MICROSOFT.COM,146772,0,24,3,52
918148,FAYE BARRETT,07/02/1985,11/14/2008,270-979-8387,FAYE.BARRETT@SBCGLOBAL.NET,120502,0,34,11,51
396091,GENA BRADLEY,02/17/1973,10/06/1999,319-335-9592,GENA.BRADLEY@GMAIL.COM,146840,0,46,20,56
808996,DEANDRE GOOD,06/13/1966,06/29/2007,207-434-2187,DEANDRE.GOOD@AOL.COM,95240,1,53,12,70
752301,GARLAND AYERS,02/15/1971,02/27/2011,479-957-8137,GARLAND.AYERS@IBM.COM,77803,1,48,8,52
654102,JERROD BELL,07/20/1992,11/15/2014,228-915-9184,JERROD.BELL@YAHOO.COM,116822,1,27,5,86
809104,ALEXIS HOLLAND,12/25/1979,08/17/2011,210-983-8877,ALEXIS.HOLLAND@AOL.COM,189640,1,40,8,82
929548,DEIDRE BARRETT,05/28/1986,04/24/2012,215-445-7100,DEIDRE.BARRETT@YAHOO.COM,71568,0,33,7,48
978535,FRED HOFFMAN,07/01/1970,02/10/2017,210-278-7110,FRED.HOFFMAN@MICROSOFT.COM,194639,1,49,2,90
211729,EFFIE SANTANA,11/25/1962,08/02/1993,215-545-5060,EFFIE.SANTANA@YAHOO.COM,148855,0,57,26,51
760573,JULIETTE MOSLEY,09/02/1964,01/11/2014,605-828-2040,JULIETTE.MOSLEY@HOTMAIL.COM,105923,0,55,5,58
979873,SUSAN SCHWARTZ,12/11/1968,04/15/2002,215-578-8596,SUSAN.SCHWARTZ@GMAIL.COM,165568,0,51,17,47
446702,RICHIE DOWNS,10/12/1960,10/02/1992,209-990-1777,RICHIE.DOWNS@COX.NET,104084,1,59,27,67
505362,WINSTON GRIFFIN,12/06/1993,02/25/2015,236-706-4648,WINSTON.GRIFFIN@GMAIL.COM,46181,1,26,4,83
451940,SAMMY MILLS,02/26/1985,05/22/2006,239-740-8337,SAMMY.MILLS@YAHOO.COM,136951,1,34,13,80
411196,GRACIE MOSLEY,11/29/1967,01/17/2015,252-933-6558,GRACIE.MOSLEY@YAHOO.CO.UK,143460,0,52,4,48
636457,MANUEL BENTLEY,10/25/1958,10/05/2014,304-225-2645,MANUEL.BENTLEY@YAHOO.COM,157479,1,61,5,78
262702,ROBERTO HOGAN,05/24/1964,09/06/2003,319-361-9079,ROBERTO.HOGAN@AOL.COM,124788,1,55,16,67
422323,WILMA GRAY,07/31/1963,02/23/2002,308-513-9527,WILMA.GRAY@GMAIL.COM,184765,0,56,17,46
328389,RODERICK PERRY,02/27/1984,01/09/2009,339-636-3368,RODERICK.PERRY@GMAIL.COM,149121,1,35,11,81
733184,MAYRA BOWEN,04/22/1972,05/20/2011,209-841-2723,MAYRA.BOWEN@GMAIL.COM,53190,0,47,8,48
649821,ANDRES ALEXANDER,08/21/1982,12/23/2015,212-699-1989,ANDRES.ALEXANDER@YAHOO.COM,99567,1,37,4,58
117956,QUENTIN CARNEY,08/05/1978,03/12/2015,218-666-9869,QUENTIN.CARNEY@GMAIL.COM,194686,1,41,4,83
670526,ADRIAN DUNLAP,01/16/1985,08/26/2013,203-936-3909,ADRIAN.DUNLAP@HOTMAIL.COM,196585,0,35,6,60
752997,LELIA SAWYER,05/05/1980,07/18/2015,319-717-7518,LELIA.SAWYER@GMAIL.COM,199120,0,39,4,46
340599,TAD PATRICK,05/07/1977,11/24/1998,239-831-9507,TAD.PATRICK@YAHOO.CO.IN,116817,1,42,21,62
239415,PANSY MACDONALD,01/19/1973,10/28/2015,215-543-6120,PANSY.MACDONALD@GMAIL.COM,97818,0,47,4,54
280326,AGUSTIN GENTRY,11/27/1962,06/16/1985,423-410-5564,AGUSTIN.GENTRY@AOL.COM,182540,1,57,34,82
445516,RILEY CONLEY,11/06/1991,06/10/2013,210-262-5038,RILEY.CONLEY@GMAIL.COM,75199,1,28,6,70
586177,BERNARD LEACH,11/18/1989,12/28/2012,303-296-0269,BERNARD.LEACH@SBCGLOBAL.NET,66743,1,30,7,53
866614,LONNIE GONZALES,05/12/1968,02/11/2005,210-813-7537,LONNIE.GONZALES@AOL.COM,113546,1,51,14,72
751376,COURTNEY BARNES,07/03/1993,12/01/2014,236-958-8215,COURTNEY.BARNES@NTLWORLD.COM,98833,1,26,5,58
196645,ELIZA ODONNELL,02/15/1987,01/18/2013,339-906-5792,ELIZA.ODONNELL@MSN.COM,155891,0,32,6,46
728839,JODY MEJIA,11/22/1959,09/01/2013,270-958-5406,JODY.MEJIA@VERIZON.NET,55958,1,60,6,57
694921,PAM STUART,01/20/1967,02/28/1990,240-870-5879,PAM.STUART@GMAIL.COM,132035,0,53,29,48
719798,TREVOR ROMERO,09/09/1982,03/12/2013,201-605-4247,TREVOR.ROMERO@GMAIL.COM,124965,1,37,6,68
375797,TAMARA PEREZ,04/25/1976,12/30/2012,215-606-2786,TAMARA.PEREZ@AOL.COM,192689,0,43,7,45
160350,BONITA DIXON,09/02/1978,10/24/2003,215-203-8551,BONITA.DIXON@GMAIL.COM,119978,0,41,16,49
937931,RAPHAEL DURHAM,04/08/1972,11/07/2010,252-634-5403,RAPHAEL.DURHAM@BP.COM,96734,1,47,9,69
155916,ROSANNE MENDOZA,09/22/1958,01/11/1980,605-701-8540,ROSANNE.MENDOZA@SHELL.COM,120595,0,61,40,41
905335,OLA HAYS,12/02/1979,05/16/2014,209-344-1530,OLA.HAYS@EXXONMOBIL.COM,96619,0,40,5,45
502509,GENEVIEVE FINLEY,11/07/1957,05/18/2003,219-544-5838,GENEVIEVE.FINLEY@CHARTER.NET,135726,0,62,16,41
563580,LAMONT ALBERT,04/09/1968,08/20/1995,215-848-2868,LAMONT.ALBERT@YAHOO.COM,106870,1,51,24,54
433698,MARGIE VINCENT,11/04/1974,12/22/2006,210-722-8478,MARGIE.VINCENT@IBM.COM,118038,0,45,13,56
163351,TERRELL SEARS,04/27/1970,10/31/1997,207-627-0029,TERRELL.SEARS@YAHOO.CO.UK,60737,1,49,22,61
898816,EDNA RIDDLE,09/20/1960,10/21/2007,209-221-5899,EDNA.RIDDLE@WALMART.COM,94034,0,59,12,48
641368,LINDSEY GRIFFIN,11/26/1978,02/27/2004,252-283-7529,LINDSEY.GRIFFIN@GMAIL.COM,79954,1,41,15,53
177982,LORRIE SEARS,10/27/1972,01/16/1998,209-769-3945,LORRIE.SEARS@GMAIL.COM,54762,0,47,21,53
330889,DENVER MAYS,03/26/1969,07/04/2015,262-586-8792,DENVER.MAYS@CHARTER.NET,82632,1,50,4,77
639474,DAISY GILES,10/30/1987,04/29/2017,239-794-9867,DAISY.GILES@YAHOO.CA,92138,0,32,2,41
911800,ESPERANZA WADE,02/26/1970,08/28/2014,252-531-1147,ESPERANZA.WADE@GMAIL.COM,94276,0,49,5,46
222807,JANICE BERG,05/25/1958,11/06/1981,216-667-7322,JANICE.BERG@GMAIL.COM,185898,0,61,38,57
516945,HELENE GALLEGOS,03/28/1989,12/03/2012,405-378-0829,HELENE.GALLEGOS@GMAIL.COM,166924,0,30,7,60
230829,ROSARIO TYSON,06/25/1996,06/25/2017,303-853-1375,ROSARIO.TYSON@GMAIL.COM,46179,0,23,2,59
133610,TERESA BOWEN,08/02/1986,12/24/2009,201-412-7978,TERESA.BOWEN@IBM.COM,131410,0,33,10,59
791967,JANNA JOSEPH,09/29/1981,09/26/2014,207-865-3493,JANNA.JOSEPH@GMAIL.COM,96725,0,38,5,58
772354,ERIKA MYERS,04/26/1975,12/13/2002,240-285-1644,ERIKA.MYERS@GMAIL.COM,87760,0,44,17,41
909265,MOHAMED FITZGERALD,03/24/1959,02/20/2013,210-510-6554,MOHAMED.FITZGERALD@AOL.COM,83708,1,60,6,56
208763,MOHAMMAD DOWNS,11/28/1975,10/31/2013,210-270-4781,MOHAMMAD.DOWNS@GMAIL.COM,178707,1,44,6,69
679572,FELIPE VANCE,02/15/1962,06/18/1987,316-740-9840,FELIPE.VANCE@GMAIL.COM,155186,1,57,32,74
992569,RUSTY MORAN,03/29/1980,06/16/2004,217-712-9247,RUSTY.MORAN@AOL.COM,151325,1,39,15,90
821754,KIRSTEN WOLF,04/05/1961,11/09/1985,225-903-4040,KIRSTEN.WOLF@AOL.COM,176179,0,58,34,41
751897,MERCEDES GLASS,05/29/1964,08/24/1988,209-575-0812,MERCEDES.GLASS@NTLWORLD.COM,51802,0,55,31,52
208375,KENYA MERRILL,03/01/1980,03/31/2006,314-592-6247,KENYA.MERRILL@APPLE.COM,124374,0,39,13,59
931551,LAURENCE CAMACHO,03/10/1989,02/01/2015,215-993-4147,LAURENCE.CAMACHO@GMAIL.COM,78330,1,30,4,51
317525,SHIRLEY POTTER,01/31/1986,03/17/2013,218-695-4963,SHIRLEY.POTTER@YAHOO.CA,131453,0,33,6,47
993099,RICKY SNIDER,06/29/1959,02/12/1981,212-720-7830,RICKY.SNIDER@GMAIL.COM,57113,1,60,38,58
854776,JERRY JACOBS,07/28/1985,08/18/2014,423-846-5095,JERRY.JACOBS@GMAIL.COM,55042,0,34,5,42
437878,MELVA PAYNE,03/12/1978,03/13/2000,209-282-9349,MELVA.PAYNE@BELLSOUTH.NET,166520,0,41,19,56
350842,JOSEF LAMB,12/16/1973,08/05/2004,205-274-2958,JOSEF.LAMB@GMAIL.COM,106297,1,46,15,85
125134,ELLEN BIRD,03/01/1969,07/07/2002,236-825-0094,ELLEN.BIRD@SBCGLOBAL.NET,94337,0,50,17,51
651597,LYDIA LINDSEY,07/01/1972,09/28/2001,701-553-1269,LYDIA.LINDSEY@COMCAST.NET,98099,0,47,18,55
801970,BECKY BOLTON,08/18/1972,08/27/2015,217-563-0363,BECKY.BOLTON@GMAIL.COM,93169,0,47,4,40
217117,EDNA PETERSEN,04/29/1958,07/07/2000,231-452-4156,EDNA.PETERSEN@GMAIL.COM,198888,0,61,19,55
539548,YONG POOLE,07/26/1982,11/26/2013,216-633-4360,YONG.POOLE@SBCGLOBAL.NET,78951,1,37,6,50
479754,SHANNON SINGLETON,01/27/1960,03/23/1987,252-688-2150,SHANNON.SINGLETON@YAHOO.CO.IN,197109,0,59,32,49
992197,BENNY SMITH,09/22/1988,09/13/2013,503-642-5195,BENNY.SMITH@GMAIL.COM,157586,1,31,6,86
844571,RHEA FAULKNER,05/09/1968,08/12/1995,319-869-7190,RHEA.FAULKNER@CHARTER.NET,81301,0,51,24,47
618339,TRACY SPARKS,06/07/1989,08/18/2011,215-515-9885,TRACY.SPARKS@HOTMAIL.CO.UK,84715,1,30,8,63
804360,WILBURN ATKINS,11/25/1972,03/25/2013,217-551-7621,WILBURN.ATKINS@BTINTERNET.COM,140792,1,47,6,63
335435,FRANK LARSON,02/15/1975,12/11/2001,206-649-4354,FRANK.LARSON@CHARTER.NET,163607,1,44,18,76
308129,BARTON MULLEN,06/30/1970,11/11/2004,239-785-3194,BARTON.MULLEN@APPLE.COM,112027,1,49,15,62
192292,MAX BARRERA,08/19/1960,02/03/1999,203-763-8430,MAX.BARRERA@SHELL.COM,46171,1,59,20,66
410844,ELISEO WILKERSON,08/12/1982,02/27/2017,215-668-0066,ELISEO.WILKERSON@HOTMAIL.COM,135526,1,37,2,74
530958,LYNNE VINSON,03/30/1988,04/25/2012,206-543-0849,LYNNE.VINSON@HOTMAIL.COM,102102,0,31,7,58
232194,MAUDE JACKSON,11/28/1965,07/29/2012,339-890-5800,MAUDE.JACKSON@SBCGLOBAL.NET,88456,0,54,7,50
888196,KATHRYN SARGENT,07/25/1984,03/05/2010,603-698-4251,KATHRYN.SARGENT@AOL.COM,141141,0,35,9,49
696612,DAN WILLIAM,04/22/1966,04/19/2014,262-989-4367,DAN.WILLIAM@GMAIL.COM,137843,1,53,5,81
775434,TANISHA LESTER,12/11/1977,12/07/2001,219-605-0185,TANISHA.LESTER@IBM.COM,73471,0,42,18,47
860093,KITTY CLAY,12/25/1970,01/24/2003,480-397-1142,KITTY.CLAY@YAHOO.CA,119388,0,49,16,41
476072,KENT JACKSON,11/05/1974,02/21/1996,304-562-4105,KENT.JACKSON@EXXONMOBIL.COM,93228,1,45,23,88
407160,ASHLEE GARDNER,01/13/1965,02/08/2015,210-690-7906,ASHLEE.GARDNER@GMAIL.COM,186933,0,55,4,52
221262,FELECIA SPARKS,11/21/1962,10/08/2007,252-740-0372,FELECIA.SPARKS@GMAIL.COM,90146,0,57,12,44
790187,HORACE RASMUSSEN,11/11/1958,08/15/2012,262-943-7850,HORACE.RASMUSSEN@GMAIL.COM,97528,1,61,7,67
771945,RICKIE GILMORE,08/17/1962,10/19/1999,212-327-7250,RICKIE.GILMORE@GMAIL.COM,114318,1,57,20,71
372188,MARIA CHAVEZ,05/10/1986,05/09/2017,215-871-0568,MARIA.CHAVEZ@GMAIL.COM,137142,0,33,2,42
657125,MICHAEL WEST,02/09/1972,12/07/1999,423-682-1916,MICHAEL.WEST@AOL.COM,79089,0,47,20,56
489761,PAULA PACHECO,11/15/1995,03/30/2017,209-690-7059,PAULA.PACHECO@REDIFFMAIL.COM,171987,0,24,2,42
651738,RICK SAWYER,03/09/1960,01/27/1993,803-885-5446,RICK.SAWYER@EARTHLINK.NET,127075,1,59,26,55
463929,RAMIRO ROJAS,11/02/1984,07/06/2006,339-358-4733,RAMIRO.ROJAS@NTLWORLD.COM,70471,1,35,13,70
521878,BENNY STEPHENSON,07/04/1986,12/23/2015,212-686-7826,BENNY.STEPHENSON@APPLE.COM,84296,1,33,4,71
697802,BERYL NELSON,03/02/1988,07/17/2010,206-728-2403,BERYL.NELSON@GMAIL.COM,140782,0,31,9,42
842936,BERNICE CONRAD,05/29/1980,08/02/2002,316-655-2948,BERNICE.CONRAD@AOL.COM,147448,0,39,17,40
333260,BUD KNOWLES,07/07/1959,10/27/2007,215-600-5286,BUD.KNOWLES@HOTMAIL.COM,109080,1,60,12,63
696218,ANITA PRATT,05/17/1958,01/21/2001,503-834-3610,ANITA.PRATT@GMAIL.COM,189291,0,61,18,47
161109,KAREEM FUENTES,01/22/1974,10/21/2001,202-469-0012,KAREEM.FUENTES@HOTMAIL.COM,163337,1,45,18,69
938475,CURTIS HOOVER,04/28/1978,09/11/2011,219-283-6516,CURTIS.HOOVER@GMAIL.COM,67164,1,41,8,72
368041,TAMIKA ROSA,05/10/1973,10/25/2009,262-973-9609,TAMIKA.ROSA@WALMART.COM,107782,0,46,10,46
738794,CARMELO SCOTT,10/09/1986,01/12/2011,210-233-7275,CARMELO.SCOTT@YAHOO.CO.UK,159630,1,33,8,61
703738,REBECCA MOON,08/06/1987,12/26/2015,201-750-8519,REBECCA.MOON@REDIFFMAIL.COM,72982,0,32,4,52
188409,PEARLIE BRYANT,07/09/1987,12/31/2008,203-936-5406,PEARLIE.BRYANT@GMAIL.COM,116234,0,32,11,49
206997,DONOVAN RUSSO,11/22/1977,04/26/2000,228-878-7586,DONOVAN.RUSSO@HOTMAIL.COM,186548,1,42,19,69
677871,ROBT RAMSEY,03/24/1986,06/20/2009,319-414-9330,ROBT.RAMSEY@COMCAST.NET,85402,1,33,10,76
963113,LACY ROWE,02/12/1961,10/08/1997,231-335-9059,LACY.ROWE@GMAIL.COM,169456,0,58,22,42
291577,ROSEMARY VAUGHN,09/24/1983,01/24/2012,212-410-1378,ROSEMARY.VAUGHN@AOL.COM,85449,0,36,7,53
142501,LON MARTIN,08/05/1988,10/24/2011,240-740-1598,LON.MARTIN@HOTMAIL.CO.UK,183005,1,31,8,53
358556,GRACE DEJESUS,01/25/1979,02/01/2000,262-635-2782,GRACE.DEJESUS@YAHOO.CO.UK,103726,0,40,19,40
126137,FELIX HAYNES,08/12/1978,01/13/2003,218-652-4728,FELIX.HAYNES@AOL.COM,131397,1,41,16,87
409492,BEATRIZ PUGH,04/12/1982,02/13/2011,229-386-6446,BEATRIZ.PUGH@AOL.COM,188881,0,37,8,48
967793,LOUISA WALLACE,06/11/1987,11/19/2009,216-265-3694,LOUISA.WALLACE@SHAW.CA,104936,0,32,10,52
790017,AUBREY MYERS,12/27/1958,03/15/2005,803-831-6551,AUBREY.MYERS@HOTMAIL.COM,161252,1,61,14,57
998638,REYNA MCCOY,05/22/1983,09/21/2016,480-932-3895,REYNA.MCCOY@HOTMAIL.COM,48857,0,36,3,42
402452,RUSTY FLETCHER,08/09/1979,07/08/2013,701-340-7308,RUSTY.FLETCHER@GMAIL.COM,46383,1,40,6,51
490868,HOUSTON MORRIS,05/19/1981,10/02/2012,201-697-7484,HOUSTON.MORRIS@VERIZON.NET,142782,1,38,7,83
381597,EDWARDO STONE,07/05/1988,11/13/2016,212-584-3136,EDWARDO.STONE@GMAIL.COM,136662,1,31,3,60
852587,CLIFTON LANGLEY,06/07/1992,01/07/2017,202-316-2397,CLIFTON.LANGLEY@VERIZON.NET,55791,1,27,3,53
732315,AMPARO CAMPOS,10/04/1972,01/10/2016,209-768-6733,AMPARO.CAMPOS@GMAIL.COM,106090,0,47,3,47
937260,MARTHA SCHMIDT,11/02/1982,03/28/2009,209-973-9124,MARTHA.SCHMIDT@AOL.COM,82136,0,37,10,55
290034,CHARMAINE HAWKINS,08/07/1984,12/31/2012,225-940-9915,CHARMAINE.HAWKINS@YAHOO.COM,163170,0,35,7,50
273325,JAYNE THOMAS,01/09/1960,03/05/1981,216-368-2545,JAYNE.THOMAS@HOTMAIL.COM,162559,0,60,38,50
809726,BRYCE COX,11/20/1978,04/24/2004,217-894-6093,BRYCE.COX@GMAIL.COM,66919,1,41,15,58
575035,BEATRICE LAWSON,03/26/1990,01/08/2017,270-461-8555,BEATRICE.LAWSON@HOTMAIL.COM,196252,0,29,3,52
211129,ALPHONSE TORRES,01/07/1972,05/26/2002,215-803-0126,ALPHONSE.TORRES@BTINTERNET.COM,191018,1,48,17,72
673451,RAE PECK,01/23/1992,03/15/2016,314-763-8976,RAE.PECK@GMAIL.COM,128429,0,27,3,43
230226,DONA MAXWELL,10/09/1976,06/11/2014,304-526-9538,DONA.MAXWELL@GMAIL.COM,61066,0,43,5,58
673126,DAVID MEYER,06/27/1968,11/07/2001,216-291-3285,DAVID.MEYER@SHAW.CA,98537,1,51,18,86
615857,CLARA HARRINGTON,11/15/1985,11/17/2006,218-354-2011,CLARA.HARRINGTON@GMAIL.COM,69981,0,34,13,43
251151,HARLAN VAUGHAN,10/29/1975,04/30/1999,209-424-3616,HARLAN.VAUGHAN@BP.COM,174076,1,44,20,61
232585,WANDA LESTER,04/15/1965,06/30/1995,503-961-0382,WANDA.LESTER@GMAIL.COM,116510,0,54,24,54
237448,KERI BUCHANAN,06/16/1985,04/09/2009,210-243-9758,KERI.BUCHANAN@HOTMAIL.CO.UK,195057,0,34,10,48
764254,WILFRED CHARLES,03/13/1974,01/25/2017,339-753-7642,WILFRED.CHARLES@BTINTERNET.COM,151869,1,45,2,67
837427,LYNN HOWE,03/19/1989,12/16/2015,217-992-4159,LYNN.HOWE@GMAIL.COM,134078,1,30,4,57
934912,FAYE MERCER,11/25/1982,12/01/2005,219-520-1944,FAYE.MERCER@YAHOO.COM,139511,0,37,14,49
747004,BENNIE MELENDEZ,07/23/1958,07/09/1987,319-520-6921,BENNIE.MELENDEZ@YAHOO.COM,137031,1,61,32,53
497086,SCOTTY ELLIS,04/25/1973,08/05/1994,210-485-1590,SCOTTY.ELLIS@HOTMAIL.COM,173017,1,46,25,77
743314,GRADY HERMAN,06/10/1969,08/25/1990,270-734-0802,GRADY.HERMAN@YAHOO.CA,89423,1,50,29,70
570767,EULA AGUIRRE,03/28/1971,04/08/2002,308-952-0044,EULA.AGUIRRE@EXXONMOBIL.COM,97109,0,48,17,41
445556,NITA ADAMS,02/02/1986,08/11/2009,303-350-6217,NITA.ADAMS@HOTMAIL.COM,193337,0,33,10,45
471961,ZACHERY HARVEY,06/13/1971,05/11/2005,319-759-0924,ZACHERY.HARVEY@WALMART.COM,96795,1,48,14,67
273769,SCOT FAULKNER,05/22/1966,05/25/2001,215-941-6239,SCOT.FAULKNER@BP.COM,80002,1,53,18,56
280832,MIA JOSEPH,06/20/1989,06/16/2017,480-327-3003,MIA.JOSEPH@HOTMAIL.CO.UK,79628,0,30,2,54
411066,HUNG HERMAN,12/13/1976,11/08/2014,252-987-1594,HUNG.HERMAN@GMAIL.COM,103007,1,43,5,66
843879,GENEVIEVE BRADSHAW,03/04/1967,11/10/1990,339-210-5214,GENEVIEVE.BRADSHAW@GMAIL.COM,196104,0,52,29,51
352677,ALEC BROWN,03/17/1967,12/10/2006,209-427-5666,ALEC.BROWN@COX.NET,177116,1,52,13,58
237902,PASQUALE KNIGHT,12/15/1960,12/24/1992,228-544-1642,PASQUALE.KNIGHT@YAHOO.CO.UK,83170,1,59,27,82
180696,SHERI WHITLEY,12/06/1981,08/05/2012,319-609-9495,SHERI.WHITLEY@BP.COM,47731,0,38,7,45
168016,MAURO MARSHALL,11/23/1988,05/02/2010,252-499-6531,MAURO.MARSHALL@GMAIL.COM,55874,1,31,9,51
481176,CRISTINA GRIMES,10/07/1993,09/23/2015,236-636-6778,CRISTINA.GRIMES@YAHOO.COM,115968,0,26,4,42
438561,RAUL FROST,07/28/1965,02/02/2009,206-925-9280,RAUL.FROST@HOTMAIL.COM,152121,1,54,10,52
709146,AMPARO DIXON,05/11/1979,03/27/2014,314-820-8867,AMPARO.DIXON@CHARTER.NET,64356,0,40,5,57
746945,EFRAIN CARNEY,06/17/1958,12/15/2014,314-609-9445,EFRAIN.CARNEY@YAHOO.COM,175570,1,61,5,62
473773,STACEY WORKMAN,03/26/1966,04/23/1994,262-932-9771,STACEY.WORKMAN@GMAIL.COM,88171,1,53,25,67
828174,LEON MCGOWAN,05/11/1986,09/29/2007,218-817-1739,LEON.MCGOWAN@HOTMAIL.COM,81646,1,33,12,67
438094,VONDA JOHNS,07/09/1972,08/22/2006,209-248-1156,VONDA.JOHNS@AOL.COM,137384,0,47,13,47
866744,JORGE WRIGHT,06/14/1983,08/18/2016,479-250-1028,JORGE.WRIGHT@COX.NET,91684,1,36,3,84
638900,BRANDY BEAN,05/20/1995,09/11/2016,385-706-7340,BRANDY.BEAN@NTLWORLD.COM,134242,0,24,3,41
759226,LAKEISHA BOWMAN,12/30/1967,02/21/1989,239-492-7337,LAKEISHA.BOWMAN@HOTMAIL.COM,120192,0,52,30,42
476750,ERNESTINE LAMBERT,03/13/1970,10/02/2009,210-747-0304,ERNESTINE.LAMBERT@MSN.COM,171471,0,49,10,48
588664,JULIUS GARDNER,12/02/1986,06/20/2012,229-458-0848,JULIUS.GARDNER@BTINTERNET.COM,60243,1,33,7,71
403910,NAOMI JACOBS,05/14/1973,07/25/2000,252-575-4680,NAOMI.JACOBS@HOTMAIL.COM,56103,0,46,19,43
449655,SYDNEY FREDERICK,03/07/1992,11/10/2016,405-448-6896,SYDNEY.FREDERICK@BELLSOUTH.NET,111989,1,27,3,71
226863,CLIFTON TYSON,02/23/1967,07/08/1993,212-696-2759,CLIFTON.TYSON@GMAIL.COM,163933,1,52,26,77
651910,CONSUELO HAMILTON,09/29/1960,05/30/2006,219-392-0976,CONSUELO.HAMILTON@GMAIL.COM,59303,0,59,13,47
717861,ALDO JARVIS,12/14/1982,08/20/2008,212-379-9486,ALDO.JARVIS@AOL.COM,169588,1,37,11,54
885624,DEIDRE ANTHONY,04/28/1985,03/13/2014,219-606-3736,DEIDRE.ANTHONY@YAHOO.CO.UK,119545,0,34,5,47
341048,MAURA DELANEY,08/17/1963,12/02/1999,308-798-7465,MAURA.DELANEY@YAHOO.COM,97239,0,56,20,43
709748,CLAUDINE LANDRY,02/07/1985,06/29/2016,231-837-5983,CLAUDINE.LANDRY@COX.NET,111452,0,34,3,54
454287,SILVIA ORTEGA,03/25/1966,04/01/2001,212-885-1954,SILVIA.ORTEGA@HOTMAIL.COM,176930,0,53,18,50
390973,GILDA DILLON,11/17/1971,01/22/1998,219-515-3678,GILDA.DILLON@MSN.COM,126153,0,48,21,52
570009,MAI JENNINGS,11/04/1984,02/01/2007,503-281-5868,MAI.JENNINGS@GMAIL.COM,191519,0,35,12,43
454506,CECILIA DAWSON,02/19/1975,06/21/1999,907-303-2939,CECILIA.DAWSON@YAHOO.COM,166310,0,44,20,42
147313,WILBURN ROWE,12/13/1977,10/31/2015,207-983-4779,WILBURN.ROWE@YAHOO.COM,159272,1,42,4,58
307771,DELBERT COOLEY,11/27/1976,05/17/2016,209-346-5040,DELBERT.COOLEY@SHELL.COM,98383,1,43,3,65
498653,VINCENT CASE,07/19/1983,10/08/2007,423-599-1914,VINCENT.CASE@YAHOO.COM,77053,1,36,12,55
964798,ORLANDO WILKERSON,04/05/1973,12/20/2009,405-323-1414,ORLANDO.WILKERSON@HOTMAIL.COM,183026,1,46,10,65
616656,ISIAH HUBBARD,02/28/1971,04/02/2012,212-290-3156,ISIAH.HUBBARD@HOTMAIL.COM,169164,1,48,7,66
232425,JEANINE RATLIFF,08/14/1967,12/22/2014,252-696-8644,JEANINE.RATLIFF@GMAIL.COM,88590,0,52,5,43
504422,DAMIEN MIDDLETON,06/06/1976,07/01/1999,314-530-2047,DAMIEN.MIDDLETON@BP.COM,86783,1,43,20,86
941632,FERN BURRIS,10/15/1973,11/02/2003,208-659-3478,FERN.BURRIS@AOL.COM,92781,0,46,16,52
925954,KATY GLASS,08/09/1972,12/13/2006,406-947-4781,KATY.GLASS@CHARTER.NET,183060,0,47,13,49
585128,NIKKI BEAN,10/14/1989,06/17/2011,240-689-7811,NIKKI.BEAN@GMAIL.COM,57409,0,30,8,54
271180,NORRIS ALVAREZ,08/29/1985,09/25/2011,307-378-5213,NORRIS.ALVAREZ@CHARTER.NET,188804,1,34,8,65
277858,REINALDO EATON,05/20/1981,06/24/2009,701-395-3702,REINALDO.EATON@GMAIL.COM,121290,1,38,10,54
118882,EDDIE IRWIN,04/08/1985,08/20/2011,252-819-9849,EDDIE.IRWIN@HOTMAIL.COM,93822,1,34,8,88
957082,DENISE SWANSON,05/06/1992,04/29/2017,217-370-8360,DENISE.SWANSON@AOL.COM,56255,0,27,2,56
191995,SASHA BEARD,06/05/1980,10/02/2004,236-772-2857,SASHA.BEARD@GMAIL.COM,78867,0,39,15,58
294276,JOSH TUCKER,07/28/1991,03/19/2016,218-540-9156,JOSH.TUCKER@HOTMAIL.COM,191297,1,28,3,67
955260,RODGER ROACH,11/25/1968,11/15/1993,209-298-1056,RODGER.ROACH@APPLE.COM,63217,1,51,26,83
457714,MILES MCDANIEL,10/29/1963,07/07/2011,303-213-8612,MILES.MCDANIEL@GMAIL.COM,129827,1,56,8,81
327467,ERIN FRENCH,05/18/1974,08/10/2012,215-665-8924,ERIN.FRENCH@HOTMAIL.COM,112881,0,45,7,58
642418,ROSALIND BOOTH,04/04/1971,01/12/1998,218-930-9410,ROSALIND.BOOTH@SHAW.CA,165075,0,48,22,47
536053,LENARD CONNER,06/04/1976,05/09/2017,314-499-3596,LENARD.CONNER@GMAIL.COM,114421,1,43,2,56
950796,WILSON MCMILLAN,10/17/1990,01/05/2015,302-715-9387,WILSON.MCMILLAN@MSN.COM,98600,1,29,5,90
475176,HARLEY MURPHY,02/23/1967,10/25/2008,262-535-9860,HARLEY.MURPHY@YAHOO.COM,199411,1,52,11,56
873985,CARRIE RAMSEY,02/20/1995,03/01/2017,316-624-6536,CARRIE.RAMSEY@GMAIL.COM,126933,0,24,2,41
706151,ESTEBAN FINCH,07/23/1978,05/02/2013,209-464-5164,ESTEBAN.FINCH@WALMART.COM,84511,1,41,6,64
734991,MERLE MARTIN,07/23/1965,05/01/2016,423-297-4006,MERLE.MARTIN@GMAIL.COM,181338,1,54,3,57
461350,JOANNA RODRIQUEZ,11/09/1963,10/28/1987,205-687-4611,JOANNA.RODRIQUEZ@GMAIL.COM,172175,0,56,32,54
454745,CYRUS GARDNER,05/13/1992,12/22/2013,236-207-5102,CYRUS.GARDNER@GMAIL.COM,65708,1,27,6,80
901588,MARIANA MCNEIL,03/25/1961,02/18/1984,239-359-5958,MARIANA.MCNEIL@AOL.COM,96974,0,58,35,41
891083,FLETCHER HARDIN,05/24/1995,09/10/2016,205-508-8287,FLETCHER.HARDIN@BTINTERNET.COM,57579,1,24,3,61
654747,EDWIN BROCK,08/05/1994,10/30/2015,210-948-4620,EDWIN.BROCK@GMAIL.COM,42553,1,25,4,81
778415,NOREEN BRAY,11/23/1960,03/26/1988,225-289-2180,NOREEN.BRAY@GMAIL.COM,77269,0,59,31,41
996768,OLLIE WOODS,01/26/1984,08/30/2014,225-575-8670,OLLIE.WOODS@AOL.COM,114205,1,35,5,54
295864,CLEVELAND KIRKLAND,04/22/1993,06/22/2016,239-219-0554,CLEVELAND.KIRKLAND@GMAIL.COM,50146,1,26,3,69
924999,ARRON OLSEN,01/01/1978,07/28/2009,216-272-3835,ARRON.OLSEN@SHAW.CA,132077,1,42,10,84
291663,ELIJAH GARRISON,01/01/1987,05/20/2014,207-804-7339,ELIJAH.GARRISON@GMAIL.COM,127017,1,33,5,80
818352,ALLIE LANDRY,01/07/1966,09/05/2006,252-527-8497,ALLIE.LANDRY@NTLWORLD.COM,170000,0,54,13,54
636018,JANIE COOKE,05/12/1970,08/27/2012,405-828-1625,JANIE.COOKE@GMAIL.COM,107644,0,49,7,44
712045,SHELIA CONRAD,08/15/1974,05/13/2001,907-837-8699,SHELIA.CONRAD@IBM.COM,124937,0,45,18,55
507999,AIDA BANKS,11/29/1991,09/23/2013,236-512-2651,AIDA.BANKS@YAHOO.COM,172384,0,28,6,59
770255,LORA WHEELER,09/01/1977,10/31/2012,239-457-3136,LORA.WHEELER@GMAIL.COM,162065,0,42,7,42
977573,FRITZ GROSS,03/12/1977,02/29/2004,803-557-4819,FRITZ.GROSS@IBM.COM,106956,1,42,15,57
206695,NATALIE ELLISON,07/06/1972,06/22/2008,219-248-8159,NATALIE.ELLISON@BP.COM,80478,0,47,11,47
688327,ELISEO BERRY,02/28/1985,08/10/2011,218-799-2685,ELISEO.BERRY@APPLE.COM,165331,1,34,8,87
903098,PHILIP MCBRIDE,11/25/1987,05/26/2017,319-230-2779,PHILIP.MCBRIDE@OUTLOOK.COM,164512,1,32,2,51
557561,KAY TRAVIS,08/14/1967,08/20/1994,480-454-5959,KAY.TRAVIS@YAHOO.CO.IN,195749,0,52,25,46
864516,LILIANA DONOVAN,09/18/1984,06/08/2007,215-232-3660,LILIANA.DONOVAN@HOTMAIL.COM,45702,0,35,12,41
743727,ELISE KIDD,02/24/1967,02/24/1989,316-273-4511,ELISE.KIDD@HOTMAIL.COM,94854,0,52,30,45
205865,TABITHA BAIRD,05/03/1961,01/01/2002,210-239-0123,TABITHA.BAIRD@COX.NET,140358,0,58,18,47
909024,BARNEY GUERRERO,01/02/1974,09/24/2006,308-689-3365,BARNEY.GUERRERO@GMAIL.COM,54968,1,46,13,83
808609,MYRTLE RIGGS,10/10/1990,01/16/2017,219-544-9146,MYRTLE.RIGGS@SHAW.CA,187768,0,29,2,46
804895,FREDERICK MCKAY,08/09/1987,04/09/2013,205-269-7700,FREDERICK.MCKAY@GMAIL.COM,69477,1,32,6,81
564246,DEBORA HINTON,10/01/1994,09/20/2016,215-998-0363,DEBORA.HINTON@HOTMAIL.COM,174027,0,25,3,44
208230,MERLIN MEYERS,11/14/1970,12/25/2009,304-362-7855,MERLIN.MEYERS@GMAIL.COM,121345,1,49,10,54
232387,CELIA HUFFMAN,03/13/1995,04/08/2016,304-761-1064,CELIA.HUFFMAN@REDIFFMAIL.COM,166489,0,24,3,57
124923,TINA CABRERA,03/12/1970,06/09/1999,314-548-4323,TINA.CABRERA@GMAIL.COM,119758,0,49,20,50
274518,KELSEY BROWN,10/09/1985,11/29/2009,212-549-1195,KELSEY.BROWN@GMAIL.COM,103848,0,34,10,59
288568,DANNY SHAW,04/27/1972,08/14/1997,215-993-2752,DANNY.SHAW@GMAIL.COM,129888,1,47,22,86
802355,DENA GOMEZ,12/30/1968,05/12/1999,216-287-8358,DENA.GOMEZ@AOL.COM,146837,0,51,20,54
648744,EDMUND BLANKENSHIP,11/11/1965,03/22/2017,209-494-8948,EDMUND.BLANKENSHIP@YAHOO.COM,40783,1,54,2,84
224106,HERSHEL CAIN,03/08/1964,04/06/1986,215-857-2813,HERSHEL.CAIN@WALMART.COM,154559,1,55,33,57
543320,LAWANDA WHITEHEAD,07/29/1973,02/11/2013,270-931-3875,LAWANDA.WHITEHEAD@EARTHLINK.NET,96388,0,46,6,42
838662,SOPHIA GREGORY,02/11/1986,11/03/2012,205-651-2474,SOPHIA.GREGORY@SBCGLOBAL.NET,91439,0,33,7,41
138130,LAUREN MCGEE,06/12/1977,04/25/2014,225-917-8648,LAUREN.MCGEE@GMAIL.COM,74674,0,42,5,45
516579,GUY RUTLEDGE,06/28/1994,02/06/2016,252-415-7913,GUY.RUTLEDGE@HOTMAIL.COM,169802,1,25,3,84
939556,KURT OCONNOR,06/20/1970,03/12/2002,302-848-9544,KURT.OCONNOR@HOTMAIL.CO.UK,59917,1,49,17,90
495659,MALLORY PEARSON,01/22/1970,01/17/1993,219-806-7357,MALLORY.PEARSON@AOL.COM,53077,0,49,26,50
630030,LOUISA NELSON,02/28/1979,09/30/2005,210-952-2993,LOUISA.NELSON@AOL.COM,193080,0,40,14,53
874431,DIEGO HUFFMAN,07/10/1961,03/03/1998,262-737-1691,DIEGO.HUFFMAN@HOTMAIL.COM,164626,1,58,21,50
809793,LOUISA ELLISON,12/05/1978,08/13/2004,209-240-0581,LOUISA.ELLISON@YAHOO.CO.UK,185330,0,41,15,58
942454,JOSUE CROSS,03/31/1986,03/26/2011,319-631-9453,JOSUE.CROSS@SHELL.COM,187192,1,33,8,81
228229,INES DOMINGUEZ,01/20/1975,01/27/2010,239-958-4051,INES.DOMINGUEZ@SBCGLOBAL.NET,59681,0,44,9,40
375190,LANCE GARZA,09/22/1979,08/18/2003,228-765-1842,LANCE.GARZA@VERIZON.NET,117985,1,40,16,54
532560,BELINDA PACE,07/07/1976,07/11/2009,252-731-0304,BELINDA.PACE@YAHOO.COM,105760,0,43,10,52
210135,GRACIE HERRING,08/20/1988,10/20/2013,262-729-7707,GRACIE.HERRING@SHAW.CA,164379,0,31,6,57
228355,BENITO KNAPP,07/15/1979,02/16/2004,262-320-6394,BENITO.KNAPP@AOL.COM,152692,1,40,15,80
965308,LUCINDA MCGOWAN,11/15/1983,07/15/2017,270-665-8559,LUCINDA.MCGOWAN@GMAIL.COM,125241,0,36,2,55
768500,JAMI GOLDEN,11/21/1960,01/21/1985,304-867-4534,JAMI.GOLDEN@GMAIL.COM,65123,0,59,34,60
816768,DAVID GUTIERREZ,02/19/1995,01/04/2017,210-529-3564,DAVID.GUTIERREZ@GMAIL.COM,62888,1,24,3,90
909541,CLEMENT MYERS,11/26/1958,06/20/1983,201-948-7092,CLEMENT.MYERS@EARTHLINK.NET,47356,1,61,36,64
529604,SHANE PORTER,06/07/1982,04/08/2014,219-628-4542,SHANE.PORTER@HOTMAIL.CO.UK,110662,1,37,5,81
140932,CLINT GROSS,04/20/1969,05/21/2000,206-920-1593,CLINT.GROSS@MICROSOFT.COM,180618,1,50,19,60
725731,OFELIA PICKETT,02/27/1990,05/25/2013,225-584-0970,OFELIA.PICKETT@HOTMAIL.COM,181131,0,29,6,54
214985,KARINA GREEN,10/03/1967,01/12/2006,314-676-5716,KARINA.GREEN@YAHOO.CA,98449,0,52,13,54
405156,SAM BURRIS,02/16/1960,11/10/1986,225-370-4982,SAM.BURRIS@COX.NET,59921,1,59,33,64
249736,LINA SHANNON,02/17/1981,04/14/2010,503-789-2300,LINA.SHANNON@BP.COM,65222,0,38,9,57
526273,MYLES COLEMAN,02/03/1983,01/07/2011,215-472-6369,MYLES.COLEMAN@GMAIL.COM,90170,1,36,9,80
654723,CLAY FREEMAN,08/09/1973,04/12/2011,216-365-4336,CLAY.FREEMAN@GMAIL.COM,122778,1,46,8,80
672964,CATALINA GUTHRIE,05/13/1975,01/23/2000,262-632-7576,CATALINA.GUTHRIE@AOL.COM,132600,0,44,19,57
240799,NANNIE MOON,05/19/1976,07/24/2009,208-295-9974,NANNIE.MOON@GMAIL.COM,90196,0,43,10,50
169618,DONOVAN SERRANO,10/16/1988,05/15/2013,339-398-8707,DONOVAN.SERRANO@BTINTERNET.COM,126226,1,31,6,54
430633,SONDRA REYES,04/18/1993,07/06/2016,316-699-7521,SONDRA.REYES@YAHOO.CO.UK,41680,0,26,3,59
116286,TERRANCE DUKE,11/02/1984,06/22/2013,262-780-2520,TERRANCE.DUKE@MICROSOFT.COM,174683,1,35,6,87
486573,COLLEEN RODRIGUEZ,02/13/1994,04/28/2015,701-285-0439,COLLEEN.RODRIGUEZ@COX.NET,127580,0,25,4,42
371751,THAD LUNA,02/22/1969,04/02/2007,217-290-9429,THAD.LUNA@GMAIL.COM,43176,1,50,12,53
783654,TERENCE CLAY,07/24/1995,11/30/2016,206-289-2344,TERENCE.CLAY@OUTLOOK.COM,83525,1,24,3,81
845635,BETTIE HOLMAN,12/24/1979,05/12/2013,217-804-2508,BETTIE.HOLMAN@HOTMAIL.CO.UK,71063,0,40,6,48
266624,BOYD GREER,01/30/1996,04/13/2017,228-432-2011,BOYD.GREER@YAHOO.CO.IN,92696,1,23,2,85
682855,COREY EDWARDS,06/19/1969,11/18/1990,216-702-2482,COREY.EDWARDS@GMAIL.COM,105054,1,50,29,55
229899,VIOLET LINDSAY,06/25/1959,05/19/2013,215-568-8372,VIOLET.LINDSAY@CHARTER.NET,66212,0,60,6,41
701561,CAMILLE MULLINS,06/03/1967,07/12/2001,209-722-2736,CAMILLE.MULLINS@YAHOO.COM,138040,0,52,18,49
114862,NICOLE RODRIQUEZ,02/01/1964,01/15/2002,316-533-5513,NICOLE.RODRIQUEZ@GMAIL.COM,46648,0,55,17,44
445650,JOAN BAUER,01/28/1982,08/12/2013,803-643-2327,JOAN.BAUER@YAHOO.COM,138548,1,37,6,50
574544,KENNITH MARQUEZ,12/09/1971,08/01/1994,236-976-7820,KENNITH.MARQUEZ@AOL.COM,159674,1,48,25,87
990758,MAE HURST,07/08/1988,02/19/2010,215-708-1606,MAE.HURST@GMAIL.COM,115818,0,31,9,49
833424,DENVER MANN,07/08/1958,12/22/1987,236-242-0935,DENVER.MANN@EXXONMOBIL.COM,178822,1,61,32,86
864834,MILFORD DICKERSON,10/26/1965,12/03/1999,208-338-5685,MILFORD.DICKERSON@GMAIL.COM,65505,1,54,20,81
703495,MARVA PHELPS,04/03/1974,10/05/2015,217-648-8520,MARVA.PHELPS@HOTMAIL.COM,88373,0,45,4,52
222179,BETSY DILLON,12/04/1982,07/11/2014,229-371-7539,BETSY.DILLON@MSN.COM,121009,0,37,5,60
951011,CELESTE RAMIREZ,11/30/1981,02/22/2015,339-240-1441,CELESTE.RAMIREZ@AOL.COM,189382,0,38,4,56
187639,TONYA BURKE,06/13/1982,08/04/2015,308-625-7172,TONYA.BURKE@AOL.COM,155427,0,37,4,52
375051,DEANA SPENCER,07/30/1976,10/09/2000,505-769-0092,DEANA.SPENCER@HOTMAIL.COM,133805,0,43,19,55
509810,SUSANNE JOSEPH,12/25/1963,07/28/1985,219-743-6620,SUSANNE.JOSEPH@GMAIL.COM,199131,0,56,34,60
625661,COLE SPENCER,06/17/1959,04/25/2003,215-232-9400,COLE.SPENCER@YAHOO.COM,151776,1,60,16,53
662168,MARLON WHITAKER,04/10/1982,04/19/2008,217-843-4951,MARLON.WHITAKER@AOL.COM,197971,1,37,11,51
678244,TRUDY FRAZIER,06/05/1960,04/02/2007,218-634-3825,TRUDY.FRAZIER@REDIFFMAIL.COM,96992,0,59,12,41
864339,TANIA MAY,04/03/1960,01/16/1985,239-374-3264,TANIA.MAY@HOTMAIL.COM,77106,0,59,35,51
436424,LEONEL GUERRERO,05/05/1992,07/06/2014,239-927-2354,LEONEL.GUERRERO@EXXONMOBIL.COM,135232,1,27,5,60
606834,NADIA STOKES,07/20/1979,10/03/2005,228-757-9686,NADIA.STOKES@GMAIL.COM,155452,0,40,14,57
268942,CODY DILLARD,02/21/1976,05/09/2001,231-865-3509,CODY.DILLARD@GMAIL.COM,60994,1,43,18,81
484822,MEGAN FRY,01/19/1996,05/23/2017,225-343-4382,MEGAN.FRY@GMAIL.COM,75765,0,23,2,42
397241,DARLA DURHAM,06/26/1987,11/26/2012,231-256-0340,DARLA.DURHAM@MICROSOFT.COM,187262,0,32,7,60
924252,CECILE ROSS,01/04/1994,10/22/2016,209-356-4542,CECILE.ROSS@BP.COM,55341,0,26,3,40
717079,HELENE FRANCO,06/25/1967,01/07/2002,316-308-5431,HELENE.FRANCO@SHELL.COM,73397,0,52,18,40
494794,VERNON BUCHANAN,12/17/1993,05/10/2015,405-450-9390,VERNON.BUCHANAN@GMAIL.COM,142346,1,26,4,58
970841,MARVA SANTIAGO,10/27/1988,08/06/2012,210-779-5897,MARVA.SANTIAGO@GMAIL.COM,196155,0,31,7,44
281794,YVETTE BENTLEY,05/30/1992,11/30/2015,319-754-5182,YVETTE.BENTLEY@HOTMAIL.COM,82765,0,27,4,56
520539,DERICK DAUGHERTY,12/31/1985,03/24/2007,216-232-8382,DERICK.DAUGHERTY@HOTMAIL.COM,188821,1,34,12,71
567269,FAY VILLARREAL,04/04/1989,11/29/2012,210-524-0203,FAY.VILLARREAL@YAHOO.COM,42988,0,30,7,56
749292,DEANNA WILKINS,12/18/1962,05/29/2016,314-779-4065,DEANNA.WILKINS@IBM.COM,113482,0,57,3,42
292144,AUGUSTA ANDREWS,12/16/1985,10/03/2013,314-692-9769,AUGUSTA.ANDREWS@GMAIL.COM,73007,0,34,6,54
896825,ERNA TRAN,09/07/1976,11/18/2009,205-634-3652,ERNA.TRAN@GMAIL.COM,71415,0,43,10,60
216408,LUTHER SHORT,06/13/1993,04/09/2017,216-816-1233,LUTHER.SHORT@GMAIL.COM,75243,1,26,2,89
579003,CURTIS WILLIAMSON,07/21/1974,10/26/2013,210-264-2382,CURTIS.WILLIAMSON@HOTMAIL.COM,56599,1,45,6,57
249410,YVETTE RIVERS,11/09/1971,01/13/2006,203-832-8970,YVETTE.RIVERS@IBM.COM,164007,0,48,13,50
241389,WALTER VELEZ,04/21/1992,03/08/2016,236-435-5027,WALTER.VELEZ@GMAIL.COM,77362,1,27,3,72
311405,CHRISTA WILKINS,10/25/1974,05/15/2011,262-803-9394,CHRISTA.WILKINS@VERIZON.NET,60566,0,45,8,42
796832,MILTON NEAL,12/04/1971,06/29/2003,212-967-0888,MILTON.NEAL@GMAIL.COM,131141,1,48,16,52
976347,KIMBERLY HARMON,10/06/1991,07/08/2015,316-466-5947,KIMBERLY.HARMON@GMAIL.COM,48858,0,28,4,42
363748,LEMUEL HOUSTON,01/22/1979,12/09/2014,206-379-8797,LEMUEL.HOUSTON@CHARTER.NET,137375,1,40,5,69
368157,MARCIE WEISS,10/22/1994,10/21/2016,803-286-4103,MARCIE.WEISS@YAHOO.COM,136817,0,25,3,57
466203,BART WHITAKER,06/23/1962,02/17/2007,225-846-2122,BART.WHITAKER@HOTMAIL.COM,133522,1,57,12,79
893798,PATRICE KOCH,05/19/1995,07/11/2016,210-406-6365,PATRICE.KOCH@SHAW.CA,188317,0,24,3,59
501368,XAVIER MCINTOSH,12/10/1990,08/22/2014,212-439-3754,XAVIER.MCINTOSH@GMAIL.COM,119198,1,29,5,65
507594,LIDIA ROJAS,09/06/1993,04/22/2016,209-694-7271,LIDIA.ROJAS@YAHOO.COM,150763,0,26,3,41
390989,ESSIE BRIDGES,03/13/1993,11/26/2015,215-584-1122,ESSIE.BRIDGES@YAHOO.CO.UK,93441,0,26,4,46
312364,SONDRA STEPHENS,11/11/1976,01/24/2001,209-594-8387,SONDRA.STEPHENS@MSN.COM,183288,0,43,18,47
444670,MONTE CONTRERAS,05/14/1975,10/19/1998,206-909-1183,MONTE.CONTRERAS@GMAIL.COM,70105,1,44,21,51
969572,ERNESTO MORENO,11/27/1965,02/16/2006,236-477-3313,ERNESTO.MORENO@HOTMAIL.COM,50579,1,54,13,85
129405,ISMAEL ELLIS,04/10/1975,08/23/2000,603-891-5427,ISMAEL.ELLIS@CHARTER.NET,56375,1,44,19,62
612960,ELIJAH HOPKINS,04/26/1994,11/13/2016,210-692-2678,ELIJAH.HOPKINS@AOL.COM,67336,1,25,3,56
328690,LEIGH MCCALL,07/18/1987,07/27/2008,262-810-4875,LEIGH.MCCALL@GMAIL.COM,179405,0,32,11,51
960091,GENARO STAFFORD,08/17/1979,10/16/2000,702-913-9143,GENARO.STAFFORD@YAHOO.COM,158345,1,40,19,77
563448,LUCY HINTON,05/24/1976,12/23/1998,252-398-5078,LUCY.HINTON@YAHOO.COM,66085,0,43,21,47
982922,BERNADETTE GLASS,05/24/1994,01/29/2016,239-692-2402,BERNADETTE.GLASS@HOTMAIL.COM,199184,0,25,3,47
646972,LEE PECK,02/10/1976,06/05/2009,210-788-1120,LEE.PECK@GMAIL.COM,140934,1,43,10,57
387407,DAMIAN ELLISON,04/26/1962,09/02/2010,212-904-4176,DAMIAN.ELLISON@GMAIL.COM,42547,1,57,9,54
468347,DUSTY HENDRICKS,06/04/1967,10/08/2013,201-864-2613,DUSTY.HENDRICKS@GMAIL.COM,187112,1,52,6,69
707678,KATINA WYNN,09/13/1987,03/21/2015,303-806-3222,KATINA.WYNN@GMAIL.COM,75205,0,32,4,44
709899,CLAIR MORRIS,07/07/1958,12/13/1981,206-614-8704,CLAIR.MORRIS@GMAIL.COM,155562,1,61,38,72
931481,ERNESTO SHORT,02/03/1993,06/25/2015,252-477-0326,ERNESTO.SHORT@HOTMAIL.COM,150578,1,26,4,50
415337,FRANKIE WIGGINS,10/24/1958,02/12/1990,303-773-3071,FRANKIE.WIGGINS@GMAIL.COM,87276,0,61,29,57
795746,ANGELIQUE GUY,04/23/1990,07/20/2012,210-875-3303,ANGELIQUE.GUY@HOTMAIL.COM,61936,0,29,7,44
880808,MARCELINO TANNER,07/25/1962,02/10/2009,479-283-8919,MARCELINO.TANNER@GMAIL.COM,53688,1,57,10,68
224527,TONY WEISS,05/29/1971,10/28/1993,209-283-2005,TONY.WEISS@AOL.COM,121236,1,48,26,72
674436,LENARD CARDENAS,02/06/1981,11/18/2008,252-633-3990,LENARD.CARDENAS@YAHOO.CO.UK,100184,1,38,11,83
492623,AURORA GRAY,04/29/1965,01/18/1988,505-463-3310,AURORA.GRAY@GMAIL.COM,128566,0,54,31,43
589874,MANUELA KOCH,12/13/1967,09/21/2009,210-616-5554,MANUELA.KOCH@AOL.COM,57746,0,52,10,60
476018,JEAN MCLEAN,05/04/1987,05/28/2011,503-800-6129,JEAN.MCLEAN@WALMART.COM,177228,0,32,8,42
228339,BARBRA SUTTON,07/01/1987,09/28/2012,252-876-5411,BARBRA.SUTTON@IBM.COM,87718,0,32,7,43
239118,DEANN MCCORMICK,04/12/1959,06/04/1988,215-559-6405,DEANN.MCCORMICK@YAHOO.CO.UK,59439,0,60,31,60
125780,REBA BROWNING,09/19/1964,10/22/1993,229-958-4896,REBA.BROWNING@HOTMAIL.COM,144698,0,55,26,47
431018,RICKIE ALSTON,04/13/1990,03/17/2015,319-330-2111,RICKIE.ALSTON@GMAIL.COM,157663,1,29,4,60
452967,LYMAN REEVES,04/10/1990,01/19/2017,207-961-9872,LYMAN.REEVES@YAHOO.COM,102546,1,29,2,82
407464,DEON QUINN,09/19/1965,11/25/2007,210-478-8253,DEON.QUINN@GMAIL.COM,186558,1,54,12,89
871827,ISRAEL MCCARTHY,10/05/1972,01/11/2001,216-481-5735,ISRAEL.MCCARTHY@OUTLOOK.COM,88536,1,47,19,61
884068,MOISES BERGER,05/06/1964,06/10/2006,209-999-1866,MOISES.BERGER@SHELL.COM,190560,1,55,13,88
131361,JERRI DOUGLAS,05/03/1963,02/06/1994,503-571-2413,JERRI.DOUGLAS@YAHOO.COM,130614,0,56,25,59
259652,BRADLEY NIEVES,09/02/1983,02/02/2005,423-760-7018,BRADLEY.NIEVES@GMAIL.COM,82080,1,36,14,74
430932,ROMEO FOSTER,05/05/1983,01/07/2005,307-281-9361,ROMEO.FOSTER@SHELL.COM,182789,1,36,15,70
637522,LEOPOLDO MCGEE,10/25/1986,04/28/2017,210-459-9807,LEOPOLDO.MCGEE@GMAIL.COM,125341,1,33,2,60
467568,ANDREA CRAWFORD,08/23/1978,09/02/2009,405-614-0571,ANDREA.CRAWFORD@EXXONMOBIL.COM,193651,1,41,10,90
683539,CHARLEY DANIEL,03/08/1959,04/30/2014,218-468-3365,CHARLEY.DANIEL@YAHOO.COM,170822,1,60,5,77
417301,CAROLYN BUTLER,08/02/1978,03/27/2006,803-777-9562,CAROLYN.BUTLER@YAHOO.COM,83011,0,41,13,41
682104,GRACIE STANLEY,10/24/1974,11/20/2005,201-788-2850,GRACIE.STANLEY@GMAIL.COM,125339,0,45,14,52
544977,JERROLD SWEET,11/01/1991,10/23/2015,239-425-4387,JERROLD.SWEET@GMAIL.COM,171667,1,28,4,77
928962,JOSHUA SMALL,09/17/1960,08/20/2001,205-293-0457,JOSHUA.SMALL@GMAIL.COM,182752,1,59,18,57
248088,KRISTY JORDAN,12/15/1989,03/06/2013,210-315-2628,KRISTY.JORDAN@HOTMAIL.COM,89291,0,30,6,47
599683,SPENCER WILLIAMS,08/09/1977,04/29/2014,479-987-0408,SPENCER.WILLIAMS@HOTMAIL.COM,180288,1,42,5,73
117980,ASHLEY OCHOA,08/24/1978,03/24/2015,505-459-6399,ASHLEY.OCHOA@SHELL.COM,145452,0,41,4,58
899405,ROCCO WALL,10/02/1964,05/07/1994,603-449-3958,ROCCO.WALL@GMAIL.COM,45497,1,55,25,64
935067,SONNY CAREY,10/27/1961,05/20/2008,308-667-7346,SONNY.CAREY@GMAIL.COM,68748,1,58,11,84
521604,ERICH GOODMAN,04/03/1962,11/27/1986,304-784-4393,ERICH.GOODMAN@GMAIL.COM,138832,1,57,33,53
848091,MACK MASSEY,05/15/1993,04/16/2016,210-302-1647,MACK.MASSEY@SHAW.CA,139079,1,26,3,86
999219,VICKY BURGESS,04/06/1992,05/02/2017,603-674-2032,VICKY.BURGESS@HOTMAIL.COM,176844,0,27,2,55
209627,WILLA HENSLEY,11/01/1965,09/28/2003,218-328-5008,WILLA.HENSLEY@GMAIL.COM,178032,0,54,16,48
642586,REVA MORALES,12/27/1988,03/13/2011,215-329-9222,REVA.MORALES@YAHOO.COM,101018,0,31,8,44
651163,INA CUMMINGS,06/22/1993,04/29/2016,210-961-7669,INA.CUMMINGS@GMAIL.COM,62401,0,26,3,41
425289,KRISTI MONROE,03/26/1972,06/16/2006,212-734-5344,KRISTI.MONROE@GMAIL.COM,57227,0,47,13,40
314444,DANIAL CARPENTER,07/26/1986,04/01/2012,215-719-9400,DANIAL.CARPENTER@MSN.COM,185825,1,33,7,55
956821,BENITA DUNCAN,11/17/1957,12/08/1985,423-901-1808,BENITA.DUNCAN@GMAIL.COM,50803,0,62,34,48
711278,DWAYNE KIM,01/04/1976,02/27/2009,405-870-4505,DWAYNE.KIM@IBM.COM,173554,1,44,10,55
125371,LORRIE ROCHA,01/16/1995,12/21/2016,304-719-7057,LORRIE.ROCHA@AOL.COM,42245,0,24,3,45
906259,JULIANA HINES,12/15/1979,04/21/2007,262-884-6814,JULIANA.HINES@GMAIL.COM,115340,0,40,12,46
327429,MAC MCLEOD,02/05/1979,06/14/2003,401-501-1565,MAC.MCLEOD@GMAIL.COM,168548,1,40,16,61
272413,BRYCE BONNER,02/13/1958,03/03/2008,505-386-4693,BRYCE.BONNER@GMAIL.COM,141453,1,61,11,51
645306,GUADALUPE HOLCOMB,02/27/1981,12/27/2013,316-841-2836,GUADALUPE.HOLCOMB@HOTMAIL.COM,175151,1,38,6,78
180869,JACOB CHERRY,10/04/1970,08/15/2014,603-796-6037,JACOB.CHERRY@YAHOO.CO.IN,126821,1,49,5,69
222563,JEANETTE RIVERA,09/03/1963,05/22/2002,270-857-0407,JEANETTE.RIVERA@AOL.COM,63519,0,56,17,54
541221,JEFFERSON HOLT,07/17/1996,07/15/2017,701-992-3274,JEFFERSON.HOLT@YAHOO.CA,68295,1,23,2,88
198476,DILLON DUNN,06/18/1973,05/25/1999,209-642-0845,DILLON.DUNN@YAHOO.CA,159350,1,46,20,83
664807,BERTIE SLATER,02/03/1994,01/05/2017,215-850-8359,BERTIE.SLATER@GMAIL.COM,120043,0,25,3,50
673745,HANNAH COOPER,10/04/1993,11/13/2015,240-919-2748,HANNAH.COOPER@SHAW.CA,126393,0,26,4,55
812026,JON MCNEIL,03/22/1973,01/01/2008,218-998-7784,JON.MCNEIL@HOTMAIL.COM,112059,1,46,12,62
957459,CAITLIN MANN,11/05/1961,09/29/1990,225-886-1747,CAITLIN.MANN@HOTMAIL.COM,170909,0,58,29,48
118109,DORIS GILES,01/03/1959,10/08/2000,308-666-7569,DORIS.GILES@AOL.COM,176813,0,61,19,48
900863,BARBRA HOBBS,05/09/1991,10/06/2013,236-666-5502,BARBRA.HOBBS@OUTLOOK.COM,41746,0,28,6,57
147382,HUNG WITT,08/06/1965,07/25/1998,479-636-8265,HUNG.WITT@APPLE.COM,149006,1,54,21,84
456816,ADELE SCOTT,08/29/1980,03/27/2012,207-661-8706,ADELE.SCOTT@YAHOO.COM,111047,0,39,7,49
437096,STELLA GUY,10/13/1979,03/31/2016,210-990-9956,STELLA.GUY@BTINTERNET.COM,83468,0,40,3,50
159397,CLEMENT LANCASTER,08/13/1971,01/04/2005,406-298-8084,CLEMENT.LANCASTER@CHARTER.NET,60567,1,48,15,75
169739,ROSETTA DECKER,04/03/1993,04/07/2016,252-964-7255,ROSETTA.DECKER@BP.COM,116175,0,26,3,49
995863,CALEB POOLE,04/19/1972,06/09/2004,212-282-7388,CALEB.POOLE@HOTMAIL.COM,178642,1,47,15,58
779374,DUDLEY ELLIOTT,09/08/1966,04/01/1996,217-293-4309,DUDLEY.ELLIOTT@YAHOO.COM,173380,1,53,23,66
587639,BARBARA PALMER,06/07/1984,04/23/2014,225-544-2407,BARBARA.PALMER@YAHOO.COM,72749,0,35,5,60
964222,ALANA HENDERSON,06/15/1959,11/17/1987,701-366-9793,ALANA.HENDERSON@GMAIL.COM,73888,0,60,32,47
597006,HAZEL CASE,08/03/1962,10/07/1987,228-989-5956,HAZEL.CASE@AOL.COM,42726,0,57,32,43
688836,ERICH LYONS,03/31/1996,04/27/2017,303-271-1917,ERICH.LYONS@GMAIL.COM,129446,1,23,2,87
498361,ELISE ZIMMERMAN,12/26/1977,08/14/2007,215-954-2885,ELISE.ZIMMERMAN@GMAIL.COM,159589,0,42,12,60
759183,MAURO FERNANDEZ,06/09/1982,05/20/2011,423-250-3418,MAURO.FERNANDEZ@GMAIL.COM,148251,1,37,8,89
186298,LUISA MCINTYRE,05/06/1963,07/19/1992,316-947-5074,LUISA.MCINTYRE@OUTLOOK.COM,134990,0,56,27,42
776211,DUANE LOWERY,12/12/1979,06/29/2003,202-744-6568,DUANE.LOWERY@AOL.COM,66599,1,40,16,53
337146,WELDON HYDE,02/18/1974,08/27/2006,210-906-6433,WELDON.HYDE@GMAIL.COM,66293,1,45,13,53
273427,ILENE HEAD,03/06/1986,08/25/2007,218-848-8169,ILENE.HEAD@APPLE.COM,193647,0,33,12,40
329548,PHIL MONTGOMERY,11/13/1991,07/28/2017,503-244-7905,PHIL.MONTGOMERY@BTINTERNET.COM,102279,1,28,2,50
955183,JONAS UNDERWOOD,07/13/1995,01/10/2017,479-958-4553,JONAS.UNDERWOOD@EXXONMOBIL.COM,54302,1,24,2,59
862947,BENITA MCGEE,12/30/1970,05/16/2005,405-902-2464,BENITA.MCGEE@HOTMAIL.COM,154473,0,49,14,58
174542,ROCHELLE GUERRERO,09/10/1992,06/18/2015,229-820-6585,ROCHELLE.GUERRERO@GMAIL.COM,135242,0,27,4,48
857324,TERRA WEBB,07/01/1973,12/15/2008,216-696-0115,TERRA.WEBB@GMAIL.COM,179095,0,46,11,42
678498,BUFORD ZIMMERMAN,09/04/1994,07/23/2016,210-683-4660,BUFORD.ZIMMERMAN@YAHOO.CA,159050,1,25,3,87
661971,EMANUEL NICHOLS,06/05/1962,05/09/1999,228-269-2893,EMANUEL.NICHOLS@HOTMAIL.CO.UK,154645,1,57,20,59
537235,CHERYL FRENCH,08/20/1985,09/09/2012,203-248-3705,CHERYL.FRENCH@AOL.COM,191484,0,34,7,47
712170,THEODORE DALE,12/17/1994,07/01/2017,217-241-9866,THEODORE.DALE@EXXONMOBIL.COM,40096,1,25,2,90
285184,GINGER PALMER,05/23/1978,02/09/2009,505-316-8178,GINGER.PALMER@BTINTERNET.COM,46866,0,41,10,60
994907,LILIAN STEIN,06/23/1996,06/23/2017,239-558-2134,LILIAN.STEIN@AOL.COM,198733,0,23,2,45
523887,GILBERT LUNA,10/01/1968,12/25/2004,216-441-7069,GILBERT.LUNA@MICROSOFT.COM,176601,1,51,15,61
684722,WALDO WRIGHT,01/26/1973,10/29/2014,252-444-7824,WALDO.WRIGHT@BP.COM,92597,1,46,5,64
792224,TOMMIE CUNNINGHAM,07/12/1977,10/27/2013,303-578-8897,TOMMIE.CUNNINGHAM@BTINTERNET.COM,65809,1,42,6,69
199699,GEORGE POTTS,01/13/1961,06/23/2006,228-447-7099,GEORGE.POTTS@MSN.COM,132568,1,59,13,67
953997,GRAHAM HUTCHINSON,05/18/1985,02/11/2013,216-832-6715,GRAHAM.HUTCHINSON@MICROSOFT.COM,123103,1,34,6,87
149818,OPHELIA PENA,01/11/1986,06/23/2016,229-494-7152,OPHELIA.PENA@GMAIL.COM,89068,0,34,3,43
352882,LON HARPER,04/24/1994,09/02/2016,316-912-3105,LON.HARPER@AOL.COM,128467,1,25,3,78
760995,IRVIN WITT,01/25/1993,03/28/2014,479-538-7205,IRVIN.WITT@GMAIL.COM,148387,1,26,5,60
873626,SHERI SPEARS,01/07/1982,11/25/2007,304-279-5182,SHERI.SPEARS@YAHOO.COM,144280,0,38,12,43
247051,ALBERTA PAGE,02/05/1981,08/17/2010,207-407-3515,ALBERTA.PAGE@HOTMAIL.COM,179637,0,38,9,55
715045,KERRI SANTOS,11/10/1982,02/18/2017,479-892-9591,KERRI.SANTOS@YAHOO.COM,74456,0,37,2,45
601808,OLIN CASE,06/06/1991,02/14/2015,308-857-4365,OLIN.CASE@HOTMAIL.COM,177331,1,28,4,78
569286,STEFAN JACOBS,09/26/1983,10/30/2008,236-864-7510,STEFAN.JACOBS@COX.NET,176707,1,36,11,58
172440,CODY ALLISON,12/23/1988,06/21/2017,209-221-5075,CODY.ALLISON@GMAIL.COM,84585,1,31,2,73
568435,BONNIE BAKER,08/03/1985,01/07/2008,262-696-9171,BONNIE.BAKER@BP.COM,72930,0,34,12,59
597409,LUKE TURNER,02/12/1987,03/05/2010,231-629-0498,LUKE.TURNER@CHARTER.NET,121949,1,32,9,84
359608,EVA HOLMAN,09/26/1957,02/20/2001,209-912-6705,EVA.HOLMAN@HOTMAIL.COM,82734,0,62,18,50
803426,MARITZA CHRISTIAN,05/19/1987,03/15/2012,203-224-9056,MARITZA.CHRISTIAN@MICROSOFT.COM,66854,0,32,7,48
669618,PHYLLIS DUDLEY,11/02/1957,01/17/1980,405-970-2341,PHYLLIS.DUDLEY@YAHOO.CO.IN,105069,0,62,40,56
